,Species,Common.Name,Class.lry,Order.ry,Family.lry,Diet.lry,Habitat.lry,Activity.lry,Endemic.lry,Version,Organism.Groups,Size.Mb,Chromosomes,Organelles,Plasmids,Assemblies,Body.Mass.kg.old,OB.ratio.old,OR.gamma,OR.gamma.pseudo,OR.137,OR.137.pseudo,OR.213,OR.213.pseudo,OR.4,OR.4.pseudo,OR.589,OR.589.pseudo,OR.6,OR.6.pseudo,OR.10,OR.10.pseudo,OR.11,OR.11.pseudo,OR.12,OR.12.pseudo,OR.14,OR.14.pseudo,OR.51,OR.51.pseudo,OR.52,OR.52.pseudo,OR.55,OR.55.pseudo,OR.56,OR.56.pseudo,ClassI.total,ClassII.total,squamateV2R,squamateV2R.pseudo,V2R,V2R.pseudo,V1R,V1R.pseudo,TAAR,Chemo.Total
Erpetoichthys_calabaricus,Erpetoichthys_calabaricus,Reedfish,Actinopterygii,Polypteriformes,Polypteridae,omnivore,freshwater,,ethiopian,GCF_900747795.1_fErpCal1.1,Eukaryota;Animals;Fishes,3811.04,18,1,0,2,NA,NA,526,81,0,0,0,0,0,0,0,0,6,0,13,5,0,0,0,0,0,0,0,0,52,2,0,0,0,0,52,19,9,7,691,60,0,1,0,1297
Ambystoma_mexicanum,Ambystoma_mexicanum,Axolotl,Amphibia,Urodela,Ambystomatidae,carnivore,freshwater,diurnal; nocturnal,neotropical,GCA_002915635.2_ASM291563v2,Eukaryota;Animals;Amphibians,3779.41,19,0,0,2,NA,NA,0,0,3,0,9,1,0,0,13,0,3,1,12,3,2,0,1,1,0,0,0,0,2,0,0,0,0,0,2,45,0,0,10,2,0,0,0,57
Geotrypetes_seraphini,Geotrypetes_seraphini,Gaboon caecilian,Amphibia,Gymnophiona,Dermophiidae,insectivore,forest,nocturnal,ethiopian,GCA_902459505.1,Eukaryota;Animals;Amphibians,3549.06,13,0,0,1,NA,NA,0,11,56,10,107,14,10,4,190,14,65,12,465,62,19,1,1,5,0,0,13,5,19,8,0,0,2,2,34,932,0,25,391,90,3,0,0,1360
Leptobrachium_leishanense,Leptobrachium_leishanense,Leishan spiny toad,Amphibia,Anura,Megophryidae,,freshwater,,oriental,GCA_009667805.1_ASM966780v1,Eukaryota;Animals;Amphibians,6250.35,0,1,0,1,NA,NA,180,71,4,4,226,31,2,0,156,30,238,15,349,66,18,14,17,1,0,0,8,0,50,0,3,0,1,0,62,1028,10,12,756,63,0,0,21,2057
Lithobates_catesbeianus,Lithobates_catesbeianus,American bullfrog,Amphibia,Anura,Ranidae,carnivore; algivore,freshwater,diurnal; nocturnal,nearctic,GCA_002284835.2_RCv2.1,Eukaryota;Animals;Amphibians,4685.94,14,1,0,1,NA,NA,380,65,20,2,154,32,0,0,339,51,224,13,439,53,26,4,2,2,0,0,6,4,84,23,7,2,1,0,98,1230,1,85,665,325,0,0,0,2374
Microcaecilia_unicolor,Microcaecilia_unicolor,Neotropical siphonopid ,Amphibia,Gymnophiona,Siphonopidae,insectivore,rainforest,nocturnal,neotropical,GCF_901765095.1_aMicUni1.1,Eukaryota;Animals;Amphibians,2053.87,0,1,0,1,NA,NA,0,19,42,5,183,20,8,3,379,46,126,9,479,75,18,0,1,1,0,0,5,2,35,4,1,0,9,2,50,1254,0,42,532,102,25,0,0,1861
Nanorana_parkeri,Nanorana_parkeri,High Himalaya frog,Amphibia,Anura,Dicroglossidae,herbivore,forest,nocturnal,oriental,GCF_000935625.1_ASM93562v1,Eukaryota;Animals;Amphibians,1563.37,14,0,0,1,NA,NA,251,71,10,1,104,28,0,2,221,45,150,16,299,62,16,7,4,5,0,0,12,1,19,5,5,0,0,0,36,820,0,13,416,69,0,0,0,1523
Pyxicephalus_adspersus,Pyxicephalus_adspersus,African bullfrog,Amphibia,Anura,Pyxicephalidae,carnivore,desert,,ethiopian,GCA_004786255.1_Pads_1.0,Eukaryota;Animals;Amphibians,0,0,0,0,0,NA,NA,358,189,14,7,187,70,0,1,181,55,188,38,335,88,25,10,10,5,0,0,10,0,43,6,7,2,0,0,60,965,1,12,312,74,0,0,0,1696
Rana_temporaria,Rana_temporaria,Grass frog,Amphibia,Anura,Ranidae,insectivore,forest,nocturnal,palearctic,GCA_009802015.1,Eukaryota;Animals;Amphibians,5319.24,19,1,0,1,NA,NA,5,3,5,0,30,5,0,0,64,2,73,1,91,5,6,0,3,0,0,0,10,0,27,4,3,0,0,0,40,278,1,2,83,12,0,0,0,407
Rhinatrema_bivittatum,Rhinatrema_bivittatum,Two-lined caecilian,Amphibia,Gymnophiona,Rhinatrematidae,insectivore,rainforest,nocturnal,neotropical,GCF_901001135.1_aRhiBiv1.1,Eukaryota;Animals;Amphibians,484.149,0,0,0,1,NA,NA,2,21,69,8,265,64,0,0,425,72,216,28,537,116,16,1,8,3,0,0,30,7,165,14,4,0,7,0,206,1552,7,24,869,58,16,0,0,2652
Rhinella_marina,Rhinella_marina,Cane toad,Amphibia,Anura,Bufonidae,insectivore,forest,nocturnal,neotropical,GCA_900303285.1_RM170330,Eukaryota;Animals;Fishes,1030.66,0,0,0,1,NA,NA,22,3,3,0,39,1,0,0,76,5,95,4,175,10,7,2,25,0,0,0,7,0,43,2,5,0,0,0,55,427,0,1,35,12,0,0,0,539
Scaphiopus_couchii,Scaphiopus_couchii,Couch's spadefoot,Amphibia,Anura,Scaphiopodidae,insectivore,desert,nocturnal,neotropical,GCA_009364435.1_usc_Scouchii_0.1,Eukaryota;Animals;Amphibians,710.85,0,0,0,1,NA,NA,0,0,4,0,3,1,0,1,3,4,6,0,9,13,2,0,0,0,0,0,0,2,3,5,0,1,1,0,4,29,0,5,3,26,0,7,0,36
Scaphiopus_holbrookii,Scaphiopus_holbrookii,Eastern spadefoot,Amphibia,Anura,Scaphiopodidae,carnivore,freshwater,diurnal; nocturnal,nearctic,GCA_009364455.1_usc_Sholbrookii_0.1,Eukaryota;Animals;Amphibians,765.305,0,0,0,1,NA,NA,2,0,3,0,11,0,0,1,13,0,17,1,18,2,1,0,0,0,0,0,1,1,11,2,0,1,0,0,12,64,0,3,20,9,0,4,0,98
Spea_bombifrons,Spea_bombifrons,Plains spadefoot,Amphibia,Anura,Scaphiopodidae,insectivore,savanna or grassland,nocturnal,nearctic,GCA_009364475.1_usc_Sbombifrons_0.1,Eukaryota;Animals;Amphibians,1075.97,0,0,0,1,NA,NA,0,0,2,0,3,0,1,0,20,1,16,0,33,0,1,0,0,0,0,0,5,0,4,2,0,2,1,0,10,77,0,5,13,12,0,1,0,100
Spea_multiplicata,Spea_multiplicata,Mexican spadefoot,Amphibia,Anura,Scaphiopodidae,insectivore,savanna or grassland,nocturnal,neotropical,GCA_009364415.1_usc_Smult_1.0,Eukaryota;Animals;Amphibians,2718.43,18,1,0,1,NA,NA,12,4,10,0,39,3,0,0,86,5,104,4,148,6,12,3,7,0,0,0,11,0,33,0,5,0,0,0,49,418,1,1,68,7,0,0,0,548
Xenopus_laevis,Xenopus_laevis,African clawed frog,Amphibia,Anura,Pipidae,insectivore,freshwater,diurnal; nocturnal,ethiopian,GCF_001663975.1_Xenopus_laevis_v2,Eukaryota;Animals;Amphibians,1451.3,10,1,0,1,NA,NA,261,67,15,5,78,29,0,0,214,46,106,20,338,59,32,13,9,2,0,0,7,0,17,6,16,1,0,0,40,824,11,7,547,111,0,4,5,1688
Xenopus_tropicalis,Xenopus_tropicalis,Western clawed frog,Amphibia,Anura,Pipidae,insectivore,freshwater,diurnal; nocturnal,ethiopian,GCF_000004195.4_UCB_Xtro_10.0,Eukaryota;Animals;Amphibians,2551.76,0,0,0,1,NA,NA,405,46,5,4,100,15,0,0,304,39,111,13,629,81,13,11,11,2,0,0,5,0,16,0,17,5,1,0,39,1186,7,29,1733,112,0,1,6,3376
Acanthisitta_chloris,Acanthisitta_chloris,Rifleman,Aves,Passeriformes,Acanthisittidae,insectivore,Forest,diurnal,New Zealand,GCF_000695815.1_ASM69581v1,Eukaryota;Animals;Birds,1035.88,0,0,0,1,0.007,9.7,1,5,0,0,0,0,3,4,7,0,5,1,5,1,0,0,0,2,0,1,2,0,0,4,0,0,0,0,2,20,0,0,5,2,0,0,1,29
Accipiter_nisus,Accipiter_nisus,Eurasian sparrowhawk,Aves,Accipitriformes,Accipitridae,carnivore,Woodland,diurnal,palearctic,GCA_004320145.1_Accipiter_nisus_ver1.0,Eukaryota;Animals;Birds,1190.65,0,0,0,1,NA,NA,7,38,0,0,3,1,4,1,20,8,1,2,8,2,0,0,1,0,0,5,5,2,15,2,0,0,0,0,20,37,0,0,5,3,0,0,2,71
Acridotheres_javanicus,Acridotheres_javanicus,Javan myna,Aves,Passeriformes,Sturnidae,omnivore,General,diurnal,oriental,GCA_002849675.1_ASM284967v1,Eukaryota;Animals;Birds,1051.58,0,0,0,1,NA,NA,20,38,0,0,0,0,3,0,10,2,3,4,7,0,0,0,0,0,0,5,1,0,1,3,0,0,0,0,2,23,0,0,4,2,0,0,1,50
Agapornis_roseicollis,Agapornis_roseicollis,Rosey-faced lovebird,Aves,Psittaciformes,Psittacidae,granivore,Dry forest,diurnal,ethiopian,GCA_002631895.1_ASM263189v1,Eukaryota;Animals;Birds,1121.79,0,0,0,1,NA,NA,1,12,0,0,1,0,1,1,28,7,4,1,5,3,0,0,0,0,1,1,2,3,2,1,0,0,0,0,4,40,0,0,5,1,0,0,1,51
Alca_torda,Alca_torda,Razorbill,Aves,Charadriiformes,Alcidae,piscivore,Coastal,diurnal,Sub-arctic Atlantic,GCA_008658365.1_bAlcTor1,Eukaryota;Animals;Birds,1178.49,26,1,0,2,NA,NA,65,15,0,0,5,4,6,4,36,7,9,9,22,17,2,1,2,1,0,1,5,4,9,3,0,0,0,0,14,84,0,0,6,1,0,0,2,171
Amazona_aestiva,Amazona_aestiva,Turquoise-fronted amazon,Aves,Psittaciformes,Psittacidae,granivore,Savanna forest,diurnal,neotropical,GCA_001420675.1_ASM142067v1,Eukaryota;Animals;Birds,1129.54,0,0,0,1,NA,NA,8,33,0,0,1,2,2,2,51,20,6,3,9,2,0,0,0,1,0,4,1,2,5,0,0,0,0,0,6,69,0,0,4,0,0,0,2,89
Amazona_collaria,Amazona_collaria,Yellow billed amazon,Aves,Psittaciformes,Psittacidae,,Wet Forest,diurnal,Jamaica,GCA_003947215.1_ASM394721v1,Eukaryota;Animals;Birds,1258.72,0,0,0,1,NA,NA,39,146,0,0,0,2,2,2,49,17,8,0,6,6,0,0,0,1,0,12,2,3,4,0,0,0,0,0,6,65,0,0,5,1,0,0,2,117
Amazona_vittata,Amazona_vittata,Puerto Rican amazon,Aves,Psittaciformes,Psittacidae,granivore; frugivore,Forest,diurnal,Puerto Rico,GCA_000332375.1_AV1,Eukaryota;Animals;Birds,1175.4,0,0,0,1,NA,NA,0,11,0,0,0,2,1,3,18,7,8,0,7,3,0,0,0,1,0,0,2,4,4,1,0,0,0,0,6,34,0,0,5,1,0,0,2,47
Anas_platyrhynchos,Anas_platyrhynchos,Mallard,Aves,Anseriformes,Anatidae,omnivore,Lakes,diurnal,Global,GCF_003850225.1_IASCAAS_PekingDuck_PBH1.5,Eukaryota;Animals;Birds,1126.18,30,1,0,5,NA,NA,1048,859,0,1,6,1,6,2,29,4,22,10,10,14,0,3,2,0,4,80,6,0,20,1,0,0,0,0,26,79,0,0,1,5,0,0,3,1157
Anas_zonorhyncha,Anas_zonorhyncha,Eastern spot-billed duck,Aves,Anseriformes,Anatidae,herbivore,Lakes,diurnal,oriental,GCA_002224875.1_ASM222487v1,Eukaryota;Animals;Birds,1310.8,0,0,0,1,1.082,19,341,230,0,0,4,1,7,3,30,4,13,6,9,5,0,0,2,0,0,10,4,3,13,1,0,0,0,0,17,65,0,0,5,2,0,0,3,431
Anomalopteryx_didiformis,Anomalopteryx_didiformis,Bush moa (extinct),Aves,Dinornithiformes,Emeidae,,,,New Zealand,GCA_006937325.1_anoDid_nucDNA,Eukaryota;Animals;Birds,1190.76,0,0,0,2,NA,NA,1,7,0,1,1,2,3,2,19,12,12,0,9,6,1,2,0,0,0,1,5,7,7,2,1,0,0,0,13,46,0,0,4,2,0,0,0,64
Anser_brachyrhynchus,Anser_brachyrhynchus,Pink-footed goose,Aves,Anseriformes,Anatidae,granivore,Swamp,diurnal,polar,GCA_002592135.1_ASM259213v1,Eukaryota;Animals;Birds,1116.99,0,0,0,1,NA,NA,134,50,0,0,3,0,8,0,26,7,6,4,7,1,1,0,2,0,0,1,5,3,12,0,0,0,0,0,17,54,0,0,7,2,0,0,3,215
Anser_cygnoides,Anser_cygnoides,Swan goose,Aves,Anseriformes,Anatidae,herbivore,Swamp,crepuscular,holarctic,GCF_000971095.1_AnsCyg_PRJNA183603_v1.0,Eukaryota;Animals;Birds,1119.15,0,1,0,2,NA,NA,91,72,0,0,4,0,8,1,25,8,7,3,9,3,1,0,2,0,0,1,5,3,12,0,0,0,0,0,17,57,0,0,7,2,0,0,3,175
Anser_indicus,Anser_indicus,Bar-headed goose,Aves,Anseriformes,Anatidae,herbivore,Marsh,,palearctic,GCA_006229135.1_ASM622913v1,Eukaryota;Animals;Birds,1143.09,0,0,0,1,NA,NA,300,114,0,0,4,0,8,0,28,6,9,5,8,1,1,0,2,1,0,4,5,3,12,0,0,0,0,0,17,61,0,0,7,2,0,0,3,388
Anthochaera_phrygia,Anthochaera_phrygia,Regent honeyeater,Aves,Passeriformes,Meliphagidae,nectarivore,Woodland,diurnal,Australia,GCA_009430485.1_ANU_Anthochaera_phrygia_1.0,Eukaryota;Animals;Birds,815.188,0,0,0,1,NA,NA,2,3,0,0,0,1,4,1,2,1,0,3,1,2,0,1,0,2,0,0,1,2,1,2,0,0,0,0,2,7,0,0,1,4,0,0,2,14
Antrostomus_carolinensis,Antrostomus_carolinensis,Chuck-will's-widow,Aves,Caprimulgiformes,Caprimulgidae,insectivore,Forest,nocturnal,nearctic,GCF_000700745.1_ASM70074v1,Eukaryota;Animals;Birds,1119.68,0,0,0,1,0.188,23.8,11,32,0,1,6,2,3,3,17,6,11,5,13,4,1,0,1,0,0,3,2,3,9,3,0,0,0,0,11,53,0,0,4,3,0,0,3,82
Apaloderma_vittatum,Apaloderma_vittatum,Bar-tailed trogon,Aves,Trogoniformes,Trogonidae,insectivore,Forest,diurnal,Africa,GCF_000703405.1_ASM70340v1,Eukaryota;Animals;Birds,1070.84,0,0,0,1,NA,NA,30,53,0,0,2,3,2,5,11,2,7,2,10,8,0,0,1,0,2,18,3,2,5,9,0,0,0,0,8,35,0,0,5,2,0,0,3,81
Aptenodytes_forsteri,Aptenodytes_forsteri,Emperor penguin,Aves,Sphenisciformes,Spheniscidae,piscivore; molluscivore,icecap,both,antarctic,GCA_000385615.1_ASM38561v1,Eukaryota;Animals;Birds,1254.35,0,0,0,1,38.2,17,4,28,0,0,4,6,5,9,16,16,6,12,12,12,1,1,1,0,0,1,5,9,13,9,0,1,0,0,18,46,0,0,6,1,0,0,1,75
Apteryx_australis,Apteryx_australis,Brown kiwi,Aves,Apterygiformes,Apterygidae,insectivore,forest; grassland,nocturnal,New Zealand,GCF_001039765.1_AptMant0,Eukaryota;Animals;Birds,1523.97,0,0,0,1,NA,NA,31,46,0,0,0,4,1,3,33,22,22,14,18,20,1,2,0,1,1,5,8,4,13,8,1,0,0,0,22,77,0,0,6,1,0,0,2,138
Apteryx_haastii,Apteryx_haastii,Great spotted kiwi,Aves,Apterygiformes,Apterygidae,insectivore,forest,nocturnal,New Zealand,GCA_003342985.1_aptHaa1,Eukaryota;Animals;Birds,1221.44,0,0,0,1,NA,NA,131,98,0,0,3,4,2,5,29,27,25,12,19,19,1,2,1,4,8,27,14,2,12,6,1,0,0,0,27,89,0,0,6,1,0,0,2,255
Apteryx_owenii,Apteryx_owenii,Little spotted kiwi,Aves,Apterygiformes,Apterygidae,insectivore,forest,nocturnal,New Zealand,GCA_003342965.1_aptOwe1,Eukaryota;Animals;Birds,1231.28,0,0,0,1,NA,NA,426,303,0,0,2,5,1,7,33,24,33,13,22,20,1,2,3,3,15,64,13,3,13,5,1,0,0,0,27,111,0,0,6,1,0,0,2,572
Apteryx_rowi,Apteryx_rowi,Okarito kiwi,Aves,Apterygiformes,Apterygidae,insectivore,forest,nocturnal,New Zealand,GCF_003343035.1_aptRow1,Eukaryota;Animals;Birds,1228.9,0,0,0,1,NA,NA,255,181,0,0,0,3,2,3,32,24,26,13,19,16,1,2,2,1,16,43,8,4,11,7,1,0,0,0,20,99,0,0,6,1,0,0,2,382
Aquila_chrysaetos,Aquila_chrysaetos,Golden eagle,Aves,Accipitriformes,Accipitridae,carnivore,,diurnal,holarctic,GCF_000766835.1_Aquila_chrysaetos-1.0.2,Eukaryota;Animals;Birds,1203.45,0,1,0,4,NA,NA,34,23,0,0,5,1,3,5,22,5,5,3,10,7,0,1,1,1,0,1,5,9,12,3,0,0,0,0,17,46,0,0,4,2,0,0,2,103
Ara_macao,Ara_macao,Scarlet macaw,Aves,Psittaciformes,Psittacidae,frugivore; granivore,rainforest,diurnal,neotropical,GCA_000400695.1_SMACv1.1,Eukaryota;Animals;Birds,1204.7,0,1,0,2,NA,NA,2,22,0,0,3,3,0,4,16,11,12,0,6,1,0,0,0,0,0,1,2,0,2,2,0,0,0,0,4,37,0,0,5,1,0,0,2,50
Athene_cunicularia,Athene_cunicularia,Burrowing owl,Aves,Strigiformes,Strigidae,carnivore,desert,diurnal,nearctic; neotropical,GCF_003259725.1_athCun1,Eukaryota;Animals;Birds,1157.07,0,0,0,1,NA,NA,11,14,0,0,7,5,3,4,19,4,11,5,7,6,0,3,0,2,0,0,4,2,7,1,0,0,0,0,11,47,0,0,5,1,0,0,3,77
Balearica_regulorum,Balearica_regulorum,Grey crowned crane,Aves,Gruiformes,Gruidae,omnivore,grassland; marsh,diurnal,ethiopian,GCF_000709895.1_ASM70989v1,Eukaryota;Animals;Birds,1127.62,0,1,0,1,3.777,22.2,28,30,0,0,2,3,4,5,20,11,10,8,13,10,1,1,1,2,0,5,7,7,8,4,0,0,0,0,15,52,0,0,5,1,0,0,3,103
Bambusicola_thoracicus,Bambusicola_thoracicus,Chinese bamboo partridge,Aves,Galliformes,Phasianidae,granivore; insectivore,bamboo forest,diurnal,oriental,GCA_002909625.1_Bthov1.0,Eukaryota;Animals;Birds,1032.3,0,0,0,1,NA,NA,83,148,0,0,1,0,2,2,14,10,6,3,7,1,0,0,1,0,1,22,3,1,8,2,0,0,0,0,11,32,0,0,5,1,0,0,3,134
Branta_canadensis,Branta_canadensis,Canada goose,Aves,Anseriformes,Anatidae,nearctic,lakes,diurnal,nearctic,GCA_006130075.1_GSC,Eukaryota;Animals;Birds,1153.39,0,0,0,1,NA,NA,1083,207,0,0,3,3,8,0,29,4,24,7,9,3,1,1,2,0,0,10,5,2,9,1,0,0,0,0,14,77,0,0,7,1,0,0,3,1184
Bubo_blakistoni,Bubo_blakistoni,Blakiston's eagle-owl,Aves,Strigiformes,Strigidae,piscivore,forest,nocturnal,palearctic,GCA_004320225.1_Bubo_blakistoni_ver1.0,Eukaryota;Animals;Birds,1193.86,0,0,0,1,NA,NA,6,55,0,0,5,4,8,6,18,5,21,8,8,8,0,0,1,0,0,7,6,6,13,1,0,0,0,0,19,61,0,0,5,1,0,0,3,94
Buceros_rhinoceros,Buceros_rhinoceros,Rhinoceros hornbill,Aves,Bucerotiformes,Bucerotidae,frugivore,rainforest,diurnal,oriental,GCF_000710305.1_ASM71030v1,Eukaryota;Animals;Birds,1065.78,0,0,0,1,NA,NA,2,20,0,0,0,5,2,1,8,1,3,3,0,4,0,0,0,1,0,0,2,3,4,2,0,0,0,0,6,13,0,0,4,3,0,0,1,26
Burhinus_oedicnemus,Burhinus_oedicnemus,Eurasian stone curlew,Aves,Charadriiformes,Burhinidae,insectivore,grassland; marsh,nocturnal,palearctic,GCA_008921705.1_REN_Boedic_1.0,Eukaryota;Animals;Birds,1228.11,0,0,0,1,NA,NA,210,152,0,0,4,0,2,1,23,2,6,6,5,3,0,1,0,0,0,17,2,3,1,0,0,0,0,0,3,40,0,0,2,0,0,0,3,258
Calidris_pugnax,Calidris_pugnax,Ruff,Aves,Charadriiformes,Scolopacidae,insectivore,grassland; marsh,diurnal,palearctic,GCF_001431845.1_ASM143184v1,Eukaryota;Animals;Birds,1229.09,0,0,0,2,NA,NA,74,20,0,0,2,2,6,2,36,4,8,6,15,4,1,1,1,0,0,1,5,1,11,0,0,0,0,0,16,70,0,0,5,1,0,0,1,166
Calidris_pygmaea,Calidris_pygmaea,Spoon-billed sandpiper,Aves,Charadriiformes,Scolopacidae,insectivore,coastal,diurnal,palearctic,GCA_003697955.1_ASM369795v1,Eukaryota;Animals;Birds,1178.37,0,0,0,1,NA,NA,277,387,0,0,4,4,7,4,31,12,12,10,9,19,1,4,1,1,2,33,4,4,10,1,0,0,0,0,14,68,0,0,5,1,0,0,2,366
Callipepla_squamata,Callipepla_squamata,Scaled quail,Aves,Galliformes,Odontophoridae,granivore,grassland,diurnal,nearctic,GCA_002218305.1_ASM221830v1,Eukaryota;Animals;Birds,1045.28,0,0,0,1,NA,NA,53,64,0,0,1,1,14,38,17,2,1,0,4,6,0,0,0,2,0,5,3,1,21,6,0,0,0,0,24,37,0,0,5,1,0,0,2,121
Calypte_anna,Calypte_anna,Anna's hummingbird,Aves,Apodiformes,Trochilidae,nectarivore,forest,diurnal,nearctic,GCF_003957555.1_bCalAnn1_v1.p,Eukaryota;Animals;Birds,1059.69,33,1,0,4,0.004,14,243,268,0,0,3,2,3,0,3,1,13,3,13,17,0,0,2,0,1,12,0,0,0,0,0,0,0,0,0,38,0,0,5,1,0,0,0,286
Camarhynchus_parvulus,Camarhynchus_parvulus,Small tree finch,Aves,Passeriformes,Thraupidae,granivore,dry forest,diurnal,neotropical,GCF_901933205.1_STF_HiC,Eukaryota;Animals;Birds,1051.61,31,0,0,1,NA,NA,96,64,0,0,0,1,1,4,7,1,6,0,7,0,0,0,0,0,0,17,2,0,1,0,0,0,0,0,3,21,0,0,4,2,0,0,1,125
Cariama_cristata,Cariama_cristata,Red-legged seriema,Aves,Cariamiformes,Cariamidae,insectivore,grasslands,diurnal,neotropical,GCF_000690535.1_ASM69053v1,Eukaryota;Animals;Birds,1132.25,0,0,0,1,1.4,22.2,4,22,0,0,1,4,2,3,17,7,4,16,8,13,0,0,1,0,0,0,4,4,13,4,0,0,0,0,17,33,0,0,5,1,0,0,2,61
Casuarius_casuarius,Casuarius_casuarius,Southern cassowary,Aves,Casuariiformes,Casuariidae,frugivore,lowland rainforest,diurnal,Austrailia; Pacific islands,GCA_003342895.1_casCas1,Eukaryota;Animals;Birds,1209,0,0,0,1,NA,NA,216,131,0,0,4,4,2,6,55,45,27,8,28,14,1,1,2,1,2,16,17,1,19,4,2,0,0,0,38,122,0,0,4,1,0,0,1,381
Cathartes_aura,Cathartes_aura,Turkey vulture,Aves,Cathartiformes,Cathartidae,scavenger,general,diurnal,nearctic; neotropical,GCA_000699945.1_ASM69994v1,Eukaryota;Animals;Birds,1152.57,0,0,0,1,2.006,28.7,11,23,0,2,5,7,5,15,28,11,16,8,10,14,1,1,0,2,0,2,5,13,10,6,0,0,0,0,15,66,0,0,5,1,0,0,0,97
Centrocercus_minimus,Centrocercus_minimus,Gunnison sage grouse,Aves,Galliformes,Phasianidae,omnivore,grassland,diurnal,nearctic,GCA_005890655.1_Cmin_1.0,Eukaryota;Animals;Birds,1000.04,0,1,0,1,NA,NA,7,36,0,0,0,1,0,5,7,11,1,4,5,10,0,0,0,2,1,9,2,5,4,3,0,0,0,0,6,14,0,0,5,1,0,0,1,33
Chaetura_pelagica,Chaetura_pelagica,Chimney swift,Aves,Apodiformes,Apodidae,insectivore,general,diurnal,nearctic; neotropical,GCF_000747805.1_ChaPel_1.0,Eukaryota;Animals;Birds,1119.19,0,0,0,1,0.024,18.8,16,22,0,0,2,2,4,0,18,7,3,4,2,4,0,1,0,0,0,2,4,1,4,3,0,0,0,0,8,29,0,0,6,2,0,0,1,60
Charadrius_alexandrinus,Charadrius_alexandrinus,Kentish plover,Aves,Charadriiformes,Charadriidae,insectivore; crustacivore,coastal,diurnal,nearctic; neotropical,GCA_008711295.1_ASM871129v1,Eukaryota;Animals;Birds,1231.94,0,0,0,1,NA,NA,58,46,0,0,6,3,4,1,32,7,14,17,24,9,1,0,1,0,0,2,4,10,15,2,0,1,0,0,19,83,0,0,5,1,0,0,3,168
Charadrius_vociferus,Charadrius_vociferus,Killdeer,Aves,Charadriiformes,Charadriidae,insectivore; crustacivore,general,diurnal,nearctic; neotropical,GCF_000708025.1_ASM70802v2,Eukaryota;Animals;Birds,1219.86,0,0,0,1,0.101,16.1,25,28,0,0,6,1,5,0,29,4,15,5,20,13,1,1,2,0,0,4,7,7,12,1,0,0,0,0,19,79,0,0,5,1,0,0,3,131
Chlamydotis_macqueenii,Chlamydotis_macqueenii,MacQueen's bustard,Aves,Otidiformes,Otididae,omnivore,desert,diurnal,palearctic,GCF_000695195.1_ASM69519v1,Eukaryota;Animals;Birds,1086.57,0,0,0,1,NA,NA,16,27,0,0,2,5,1,5,16,6,7,2,6,4,1,0,0,2,0,1,4,2,11,0,0,0,0,0,15,34,0,0,5,1,0,0,2,72
Chlamydotis_undulata,Chlamydotis_undulata,Houbara bustard,Aves,Otidiformes,Otididae,omnivore,desert,diurnal,palearctic,GCA_003400225.1_REN_Cundu_1.0,Eukaryota;Animals;Birds,1307.64,0,0,0,1,NA,NA,296,200,0,0,4,4,2,3,16,7,12,11,5,6,1,0,1,0,0,11,4,2,12,1,0,1,0,0,16,42,0,0,5,1,0,0,3,362
Chrysolophus_pictus,Chrysolophus_pictus,Golden pheasant,Aves,Galliformes,Phasianidae,omnivore,Forest,diurnal,oriental,GCA_003413605.1_Chrysolophus_pictus_GenomeV1.0,Eukaryota;Animals;Birds,1023.99,0,0,0,1,NA,NA,16,27,0,0,1,0,6,7,17,5,6,0,13,0,0,0,1,0,0,1,3,1,7,3,0,0,0,0,10,44,0,0,6,1,0,0,3,79
Cicinnurus_regius,Cicinnurus_regius,King bird-of-paradise,Aves,Passeriformes,Paradisaeidae,frugivore; insectivore,lowland rainforest,diurnal,Papau New Guinea,GCA_003713305.1_CicReg_1.0,Eukaryota;Animals;Birds,1059.54,0,0,0,1,NA,NA,6,10,0,0,1,1,2,1,8,2,5,0,7,4,0,0,0,1,0,7,3,0,7,0,0,0,0,0,10,23,0,0,4,2,0,0,2,45
Ciconia_boyciana,Ciconia_boyciana,Oriental stork,Aves,Ciconiiformes,Ciconiidae,piscivore,marsh,,oriental,GCA_002002965.1_Ciconia_boyciana_ver1.0,Eukaryota;Animals;Birds,1364.95,0,0,0,1,NA,NA,9,97,0,0,4,2,6,17,21,16,9,12,14,14,0,2,0,0,0,6,5,7,11,8,0,0,0,0,16,54,0,0,5,1,0,0,1,85
Colinus_virginianus,Colinus_virginianus,Northern bobwhite,Aves,Galliformes,Odontophoridae,omnivore,savanna or grassland; forest; scrub forest,diurnal,nearctic,GCA_008692595.1_Cv_LA_1.0,Eukaryota;Animals;Birds,866.267,0,1,0,3,NA,NA,4,11,0,0,1,2,2,1,11,1,1,0,1,1,0,0,0,1,0,2,2,1,4,2,0,0,0,0,6,16,0,0,5,1,0,0,2,33
Colius_striatus,Colius_striatus,Speckled mousebird,Aves,Coliiformes,Coliidae,frugivore; granivore,savanna or grassland,diurnal,ethiopian,GCF_000690715.1_ASM69071v1,Eukaryota;Animals;Birds,1075.93,0,0,0,1,0.055,9.7,7,12,0,0,3,0,2,3,5,2,2,2,2,5,0,0,0,0,0,0,2,3,0,2,0,0,0,0,2,14,0,0,5,2,0,0,1,29
Columba_livia,Columba_livia,Common pigeon,Aves,Columbiformes,Columbidae,granivore,general,diurnal,palearctic,GCF_000337935.1_Cliv_1.0,Eukaryota;Animals;Birds,1107.99,29,0,0,2,0.355,21.2,61,104,0,0,1,2,1,2,19,9,10,7,11,3,1,0,5,2,0,8,5,0,9,1,0,0,0,0,14,49,0,0,4,2,0,0,0,128
Corapipo_altera,Corapipo_altera,White-ruffed manakin,Aves,Passeriformes,Pipridae,frugivore; insectivore,forest,diurnal,neotropical,GCF_003945725.1_ASM394572v1,Eukaryota;Animals;Birds,1095.75,0,0,0,1,NA,NA,253,100,0,0,0,3,4,4,8,1,8,6,8,6,0,0,1,0,2,24,2,1,2,2,0,0,0,0,4,31,0,0,4,2,0,0,1,293
Corvus_brachyrhynchos,Corvus_brachyrhynchos,American crow,Aves,Passeriformes,Corvidae,omnivore,forest,diurnal,nearctic,GCF_000691975.1_ASM69197v1,Eukaryota;Animals;Birds,1091.31,0,0,0,1,0.506,5,3,13,0,1,0,1,2,1,6,7,5,1,4,8,0,0,0,0,1,3,3,0,5,1,0,0,0,0,8,18,0,0,4,2,0,0,1,34
Corvus_cornix,Corvus_cornix,Hooded crow,Aves,Passeriformes,Corvidae,omnivore,forest,diurnal,,GCF_000738735.2_ASM73873v2,Eukaryota;Animals;Birds,1042.28,0,1,0,2,NA,NA,0,4,0,0,0,1,2,1,8,4,4,1,4,6,0,0,0,0,0,1,3,0,3,3,0,0,0,0,6,18,0,0,4,2,0,0,1,29
Corvus_hawaiiensis,Corvus_hawaiiensis,Hawaiian crow,Aves,Passeriformes,Corvidae,omnivore,forest,diurnal,Hawaii,GCA_003402825.1_Coha_1.0,Eukaryota;Animals;Birds,1497.61,0,0,0,1,NA,NA,61,46,0,0,2,2,4,1,12,2,9,1,7,7,0,0,0,0,0,4,3,0,5,1,0,0,0,0,8,34,0,0,4,2,0,0,1,108
Coturnix_japonica,Coturnix_japonica,Japanese quail,Aves,Galliformes,Phasianidae,granivore; insectivore,grassland,,oriental,GCF_001577835.1_Coturnix_japonica_2.0,Eukaryota;Animals;Birds,927.657,32,1,0,2,NA,NA,58,46,0,0,1,0,2,2,12,6,2,0,8,3,0,0,0,1,0,25,3,2,8,2,0,0,0,0,11,25,0,0,6,1,0,0,3,103
Crypturellus_cinnamomeus,Crypturellus_cinnamomeus,Thicket tinamou,Aves,Tinamiformes,Tinamidae,frugivore,forest,,neotropical,GCA_003342915.1_cryCin1,Eukaryota;Animals;Birds,1122.05,0,0,0,1,NA,NA,216,210,0,0,2,0,3,2,16,3,17,5,12,4,1,0,2,2,13,46,18,2,16,9,0,0,0,0,34,67,0,0,5,1,0,0,2,324
Cuculus_canorus,Cuculus_canorus,Common cuckoo,Aves,Cuculiformes,Cuculidae,insectivore,forest,diurnal,palearctic,GCF_000709325.1_ASM70932v1,Eukaryota;Animals;Birds,1153.89,0,0,0,1,0.117,19.5,22,35,0,0,1,1,5,2,16,4,5,1,6,0,1,0,0,0,1,1,4,3,8,3,0,0,0,0,12,36,0,0,4,2,0,0,1,75
Cyanistes_caeruleus,Cyanistes_caeruleus,Eurasian blue tit,Aves,Passeriformes,Paridae,insectivore,woodland,diurnal,palearctic,GCF_002901205.1_cyaCae2,Eukaryota;Animals;Birds,1186.98,0,0,0,1,NA,NA,81,41,0,0,1,0,2,1,6,2,4,0,3,1,0,0,0,0,0,6,2,0,3,2,0,0,0,0,5,16,0,0,5,3,0,0,0,107
Cyanoderma_ruficeps,Cyanoderma_ruficeps,Rufous-capped babbler,Aves,Passeriformes,Timaliidae,insectivore,forest,diurnal,oriental,GCA_008694505.1_ASM869450v1,Eukaryota;Animals;Birds,1041.45,0,0,0,1,NA,NA,2,12,0,0,2,1,2,1,6,2,6,0,3,1,0,1,0,0,0,2,2,0,2,1,0,0,0,0,4,19,0,0,4,2,0,0,1,30
Dendrocopos_noguchii,Dendrocopos_noguchii,Okinawa woodpecker,Aves,Piciformes, Picidae,insectivore,forest,diurnal,Japan,GCA_004320165.1_Dendrocopos_noguchii_ver1.0,Eukaryota;Animals;Birds,1134.56,0,0,0,1,NA,NA,27,96,0,0,2,1,3,1,11,3,7,2,5,5,0,1,1,0,1,7,0,0,1,0,0,0,0,0,1,30,0,0,6,1,0,0,1,65
Diphyllodes_magnificus,Diphyllodes_magnificus,Magnificent bird-of-paradise,Aves,Passeriformes,Paradisaeidae,frugivore,rainforest,diurnal,Papau New Guinea,GCA_003713285.1_DipMag_1.0,Eukaryota;Animals;Birds,1065.98,0,0,0,1,NA,NA,2,11,0,0,1,1,2,1,10,2,4,1,5,4,0,0,0,1,0,4,3,0,7,0,0,0,0,0,10,22,0,0,4,2,0,0,2,40
Dromaius_novaehollandiae,Dromaius_novaehollandiae,Emu,Aves,Struthioniformes,Dromaiidae,omnivore,savanna or grassland,diurnal,Australia,GCF_003342905.1_droNov1,Eukaryota;Animals;Birds,1192.25,0,1,0,1,NA,NA,143,126,0,0,3,7,3,4,30,36,16,14,14,19,1,0,0,3,5,17,14,3,14,2,1,0,0,0,29,73,0,0,4,2,0,0,0,249
Egretta_garzetta,Egretta_garzetta,Little egret,Aves,Pelecaniformes,Ardeidae,piscivore,wetland,diurnal,palearctic,GCF_000687185.1_ASM68718v1,Eukaryota;Animals;Birds,1206.5,0,1,0,1,0.55,21.7,230,103,0,0,2,4,2,5,12,6,4,7,7,8,0,1,2,1,1,5,2,11,9,2,0,0,0,0,11,30,0,0,5,1,0,0,2,278
Empidonax_traillii,Empidonax_traillii,Willow flycatcher,Aves,Passeriformes,Tyrannidae,insectivore,forest,diurnal,nearctic; neotropical,GCF_003031625.1_ASM303162v1,Eukaryota;Animals;Birds,1123.49,0,0,0,1,NA,NA,336,343,0,0,0,3,3,0,4,2,13,9,9,1,0,1,2,0,1,82,3,0,7,4,0,0,0,0,10,32,0,0,5,2,0,0,2,385
Eopsaltria_australis,Eopsaltria_australis,Eastern yellow robin,Aves,Passeriformes,Petroicidae,insectivore,woodland,diurnal,Australia,GCA_003426825.1_eyr_v1,Eukaryota;Animals;Birds,1228.34,0,0,0,1,NA,NA,893,170,0,0,0,1,4,1,6,4,14,0,4,5,0,0,0,0,0,39,2,2,4,1,0,0,0,0,6,28,0,0,5,1,0,0,1,933
Erythrura_gouldiae,Erythrura_gouldiae,Gouldian finch,Aves,Passeriformes,Estrildidae,granivore,woodland,diurnal,Australia,GCA_003676055.1_GouldianFinch,Eukaryota;Animals;Birds,1070.79,0,0,0,1,NA,NA,386,157,0,1,3,0,1,2,1,1,3,7,3,1,0,0,0,0,0,20,2,0,2,2,0,0,0,0,4,11,0,0,4,2,0,0,1,406
Eudromia_elegans,Eudromia_elegans,Elegant crested tinamou,Aves,Struthioniformes,Tinamidae,omnivore,savanna or grassland,diurnal,neotropical,GCA_003342815.1_eudEle1,Eukaryota;Animals;Birds,955.515,0,0,0,1,NA,NA,55,89,0,0,1,0,0,2,8,6,16,1,5,7,4,0,0,0,2,8,15,1,14,3,0,0,0,0,29,40,0,0,4,2,0,0,1,129
Eurypyga_helias,Eurypyga_helias,Sunbittern,Aves,Eurypygiformes,Eurypygidae,insectivore,forest,diurnal,neotropical,GCF_000690775.1_ASM69077v1,Eukaryota;Animals;Birds,1088.02,0,0,0,1,NA,NA,10,31,0,0,0,1,4,0,12,8,4,3,6,4,1,0,1,0,0,2,2,1,5,1,0,0,0,0,7,29,0,0,5,1,0,0,2,53
Falco_cherrug,Falco_cherrug,Saker falcon,Aves,Falconiformes,Falconidae,carnivore,forest,diurnal,palearctic; oriental,GCF_000337975.1_F_cherrug_v1.0,Eukaryota;Animals;Birds,1174.81,0,0,0,1,NA,NA,16,9,0,0,1,2,3,1,16,1,1,0,7,3,0,0,0,0,0,2,5,6,8,6,0,0,0,0,13,28,0,0,4,1,0,0,2,63
Falco_peregrinus,Falco_peregrinus,Peregrine falcon,Aves,Falconiformes,Falconidae,carnivore,general,diurnal,global,GCF_000337955.1_F_peregrinus_v1.0,Eukaryota;Animals;Birds,1171.97,0,1,0,2,0.815,20,13,20,0,0,7,2,3,1,17,1,1,0,5,2,0,0,0,0,0,1,5,6,9,5,0,0,0,0,14,33,0,0,4,1,0,0,2,66
Ficedula_albicollis,Ficedula_albicollis,European pied flycatcher,Aves,Passeriformes,Muscicapidae,insectivore,forest,diurnal,palearctic; ethiopian,GCF_000247815.1_FicAlb1.5,Eukaryota;Animals;Birds,1118.34,33,1,0,2,NA,NA,27,46,0,0,0,1,2,1,8,2,3,2,3,1,0,0,0,0,0,9,0,2,1,2,0,0,0,0,1,16,0,0,3,2,0,0,2,49
Fulmarus_glacialis,Fulmarus_glacialis,Northern fulmar,Aves,Procellariiformes,Procellariidae,piscivore; molluscivore,coastal,diurnal,holarctic,GCF_000690835.1_ASM69083v1,Eukaryota;Animals;Birds,1141.4,0,0,0,1,0.613,27.1,7,33,0,0,2,3,3,15,18,13,19,14,5,19,0,3,0,2,0,1,6,8,6,4,0,1,0,0,12,47,0,0,5,2,0,0,1,72
Gallus_gallus,Gallus_gallus,Red jungle fowl,Aves,Galliformes,Phasianidae,herbivore; insectivore,forest,diurnal,oriental,GCF_000002315.6_GRCg6a,Eukaryota;Animals;Birds,1065.37,34,1,0,2,0.904,15.4,716,203,0,0,1,0,3,4,21,4,21,1,8,4,0,0,2,2,1,40,3,3,9,2,0,0,0,0,12,57,0,0,5,1,0,0,0,790
Gavia_stellata,Gavia_stellata,Red-throated diver,Aves,Gaviiformes,Gaviidae,piscivore,lakes; coasta,,holarctic,GCF_000690875.1_ASM69087v1,Eukaryota;Animals;Birds,1129.69,0,1,0,1,1.729,20,14,22,0,1,2,3,9,6,23,17,7,19,14,6,1,0,0,0,0,3,3,11,9,5,0,1,0,0,12,57,0,0,5,1,0,0,1,89
Geospiza_fortis,Geospiza_fortis,Medium ground finch,Aves,Passeriformes,Thraupidae,granivore,dry forest,diurnal,Galapagos,GCF_000277835.1_GeoFor_1.0,Eukaryota;Animals;Birds,1065.29,0,0,0,1,0.018,9.7,5,14,0,0,0,1,1,3,5,1,6,0,3,1,0,0,0,0,0,1,1,1,0,1,0,0,0,0,1,15,0,0,4,2,0,0,1,26
Grus_japonensis,Grus_japonensis,Red-crowned crane,Aves,Gruiformes,Gruidae,omnivore,marsh,diurnal,palearctic; oriental,GCA_002002985.1_Grus_japonensis_ver1.0,Eukaryota;Animals;Birds,1265.63,0,0,0,1,NA,NA,1,16,0,0,4,3,15,3,31,12,15,9,13,11,1,1,0,1,0,1,4,11,9,7,0,0,0,0,13,80,0,0,4,4,0,0,3,101
Grus_nigricollis,Grus_nigricollis,Black-necked crane,Aves,Gruiformes,Gruidae,omnivore,marsh,diurnal,oriental,GCA_004360235.1_ASM436023v1,Eukaryota;Animals;Birds,1230.91,0,0,0,1,NA,NA,109,87,0,0,1,1,10,3,29,11,12,9,22,12,1,3,6,0,0,10,4,9,10,2,0,0,0,0,14,82,0,0,5,2,0,0,3,213
Haliaeetus_albicilla,Haliaeetus_albicilla,Steller's sea-eagle,Aves,Falconiformes,Accipitridae,piscivore,coastal,diurnal,palearctic,GCF_000691405.1_ASM69140v1,Eukaryota;Animals;Birds,1133.55,0,0,0,2,5.572,18,18,17,0,1,0,2,3,1,19,2,1,2,8,10,0,2,1,0,0,1,4,8,14,5,0,0,0,0,18,32,0,0,5,1,0,0,2,75
Haliaeetus_leucocephalus,Haliaeetus_leucocephalus,Bald eagle,Aves,Falconiformes,Accipitridae,carnivore,forest,diurnal,nearctic,GCF_000737465.1_Haliaeetus_leucocephalus-4.0,Eukaryota;Animals;Birds,1178.41,0,0,0,1,5.35,18,43,15,0,0,4,0,3,0,19,1,2,1,8,4,0,0,1,0,0,2,4,10,13,4,0,0,0,0,17,37,0,0,5,1,0,0,2,104
Hemignathus_virens,Hemignathus_virens,Hawaii amakihi,Aves,Passeriformes,Fringillidae,nectarivore,forest,diurnal,Hawaii,GCA_003286495.1_ASM328649v1,Eukaryota;Animals;Birds,1086.51,0,0,0,1,NA,NA,53,187,0,0,1,1,1,3,8,2,9,1,4,2,0,0,0,0,0,22,1,1,2,1,0,0,0,0,3,23,0,0,5,2,0,0,1,85
Himantopus_himantopus,Himantopus_himantopus,Black-winged stilt,Aves,Charadriiformes,Recurvirostridae,piscivore,wetland,diurnal,palearctic,GCA_003993805.1_UO_Hhiman_2.0,Eukaryota;Animals;Birds,1116.81,0,0,0,1,NA,NA,8,6,0,0,3,1,5,0,26,3,15,1,12,9,1,0,0,0,0,0,5,9,12,4,0,0,0,0,17,63,0,0,4,1,0,0,3,95
Hirundo_rustica,Hirundo_rustica,Barn swallow,Aves,Passeriformes,Hirundinidae,insectivore,open forest,diurnal,holarctic,GCA_003692655.1_Chelidonia,Eukaryota;Animals;Birds,1213.74,0,0,0,1,NA,NA,925,408,0,0,2,1,2,1,5,3,7,1,3,0,0,0,0,0,0,136,2,0,1,1,0,0,0,0,3,19,0,0,6,2,0,0,2,955
Junco_hyemalis,Junco_hyemalis,Dark-eyed junco,Aves,Passeriformes,Passerellidae,omnivore,forest,diurnal,nearctic,GCA_003829775.1_ASM382977v1,Eukaryota;Animals;Birds,958.315,0,0,0,1,NA,NA,39,55,0,0,2,0,1,1,5,2,6,0,3,0,0,0,0,0,0,11,2,0,1,0,0,0,0,0,3,17,0,0,4,2,0,0,1,64
Lagopus_muta,Lagopus_muta,Rock ptarmigan,Aves,Galliformes,Phasianidae,herbivore,tundra,diurnal,nearctic; palearctic,GCA_004320205.1_Lagopus_muta_japonica_ver1.0,Eukaryota;Animals;Birds,1002.56,0,0,0,1,NA,NA,20,38,0,1,1,1,3,5,12,5,3,0,5,7,0,0,1,0,0,1,2,4,6,0,0,0,0,0,8,25,0,0,5,1,0,0,3,61
Lepidothrix_coronata,Lepidothrix_coronata,Blue-crowned manakin,Aves,Passeriformes,Pipridae,frugivore,forest,diurnal,neotropical,GCF_001604755.1_Lepidothrix_coronata-1.0,Eukaryota;Animals;Birds,1079.58,0,0,0,1,NA,NA,7,17,0,0,0,4,3,1,1,2,4,1,8,0,0,0,1,0,0,3,2,0,2,1,0,0,0,0,4,17,0,0,4,2,0,0,2,34
Leptosomus_discolor,Leptosomus_discolor,Cuckoo roller,Aves,Leptosomiformes,Leptosomidae,insectivore,rainforest,diurnal,Madagascar,GCF_000691785.1_ASM69178v1,Eukaryota;Animals;Birds,1136.24,0,0,0,1,NA,NA,16,28,0,0,3,2,1,2,14,4,4,3,3,3,0,1,0,0,0,2,6,4,8,2,0,0,0,0,14,25,0,0,4,2,0,0,1,60
Lichenostomus_cassidix,Lichenostomus_cassidix,Helmeted honeyeater,Aves,Passeriformes,Meliphagidae,nectarivore; insectivore,riparian forest,diurnal,Australia,GCA_008360975.1_HeHo_1.0,Eukaryota;Animals;Birds,1102.3,0,0,0,1,NA,NA,220,106,0,0,0,3,4,0,64,35,6,1,6,1,0,1,0,1,0,5,3,0,6,1,0,0,0,0,9,80,0,0,3,2,0,0,2,314
Limosa_lapponica,Limosa_lapponica,Bar-tailed gobwit,Aves,Charadriiformes,Scolopacidae,insectivore; crustacivore,marsh,diurnal,palearctic,GCA_002844005.1_Godwit_v1,Eukaryota;Animals;Birds,1034.77,0,0,0,1,NA,NA,13,20,0,0,3,1,4,1,26,7,11,5,14,4,1,0,1,0,0,5,2,4,11,1,0,0,0,0,13,61,0,0,5,1,0,0,2,94
Lonchura_striata,Lonchura_striata,White-rumped munia,Aves,Passeriformes,Estrildidae,granivore,grassland,diurnal,oriental,GCF_002197715.1_LonStrDom1,Eukaryota;Animals;Birds,1060.17,0,1,0,2,NA,NA,52,45,0,0,0,1,2,1,4,0,4,0,4,1,0,0,0,0,0,8,2,0,2,0,0,0,0,0,4,14,0,0,4,2,0,0,1,75
Lyrurus_tetrix,Lyrurus_tetrix,Black grouse,Aves,Galliformes,Phasianidae,granivore,forest,diurnal,palearctic,GCA_000586395.1_tetTet1,Eukaryota;Animals;Birds,657.025,0,0,0,1,NA,NA,0,0,0,0,0,0,0,0,6,5,2,0,2,2,0,0,0,1,0,0,1,3,0,3,0,0,0,0,1,10,0,0,2,3,0,0,2,15
Manacus_vitellinus,Manacus_vitellinus,Gold-collared manakin,Aves,Passeriformes,Pipridae,frugivore; insectivore,forest,diurnal,neotropical,GCF_001715985.3_ASM171598v3,Eukaryota;Animals;Birds,1072.33,0,0,0,2,0.019,9.7,157,69,0,0,0,3,6,5,6,2,8,2,8,17,0,0,1,8,0,12,1,1,1,5,0,0,0,0,2,29,0,0,4,2,0,0,1,193
Meleagris_gallopavo,Meleagris_gallopavo,Turkey,Aves,Galliformes,Phasianidae,omnivore,forest,diurnal,nearctic,ADDD02.2.fsa,Eukaryota;Animals;Birds,1128.34,32,1,0,1,313,13.5,81,71,0,0,0,0,0,1,7,7,0,1,1,0,0,0,0,0,0,9,1,1,9,2,0,0,0,0,10,8,0,0,4,1,0,0,3,106
Melopsittacus_undulatus,Melopsittacus_undulatus,Budgie,Aves,Psittaciformes,Psittaculidae,granivore,savanna or grassland; forest,diurnal,australia,GCF_000238935.1,Eukaryota;Animals;Birds,1117.37,0,1,0,1,0.029,6.2,15,17,0,0,0,1,3,0,55,19,4,1,5,6,0,0,0,0,0,2,2,0,2,2,0,0,0,0,4,67,0,0,5,2,0,0,0,91
Merops_nubicus,Merops_nubicus,Northern carmine bee-eater,Aves,Coraciiformes,Meropidae,omnivore,savanna or grassland,diurnal,ethiopian,GCF_000691845.1_ASM69184v1,Eukaryota;Animals;Birds,1062.96,0,0,0,1,0.051,14.5,18,17,0,0,2,0,6,1,8,3,2,0,2,6,0,0,0,0,0,5,4,0,5,2,0,0,0,0,9,20,0,0,5,2,0,0,1,53
Mesitornis_unicolor,Mesitornis_unicolor,Brown mesite,Aves,Mesitornithiformes,Mesitornithidae,granivore; insectivore,forest,diurnal,Madagascar,GCF_000695765.1_ASM69576v1,Eukaryota;Animals;Birds,1087.29,0,0,0,1,0.148,22.2,20,54,0,0,3,2,1,2,10,13,6,4,3,12,0,1,0,0,0,7,2,0,1,2,0,0,0,0,3,23,0,0,5,1,0,0,3,54
Mixornis_gularis,Mixornis_gularis,Pin-striped tit babbler,Aves,Passeriformes,Timaliidae,insectivore,forest,diurnal,oriental,GCA_003546035.1_ASM354603v1,Eukaryota;Animals;Birds,1036.1,0,0,0,1,NA,NA,3,8,0,0,3,1,2,1,7,2,6,0,3,2,0,2,0,0,0,1,2,0,2,0,0,0,0,0,4,21,0,0,4,2,0,0,1,33
Nannopterum_auritus,Nannopterum_auritus,Double-crested cormorant,Aves,Suliformes,Phalacrocoracidae,piscivore,coastal,diurnal,palearctic,GCA_002173455.1_ASM217345v1,Eukaryota;Animals;Birds,1246.05,0,0,0,1,NA,NA,11,20,0,0,1,3,1,1,10,5,5,5,6,4,0,0,1,0,0,6,3,4,1,9,0,0,0,0,4,24,0,0,5,2,0,0,1,45
Nannopterum_brasilianus,Nannopterum_brasilianus,Neotropic cormorant,Aves,Suliformes,Phalacrocoracidae,piscivore,marsh; coastal,diurnal,neotropical,GCA_002174335.1_ASM217433v1,Eukaryota;Animals;Birds,1346.19,0,0,0,1,NA,NA,14,14,0,0,1,1,1,1,10,13,5,5,6,4,0,0,1,0,0,1,2,11,1,9,0,0,0,0,3,24,0,0,6,1,0,0,1,48
Nannopterum_harrisi,Nannopterum_harrisi,Flightless cormorant,Aves,Suliformes,Phalacrocoracidae,piscivore,coastal,diurnal,Galapagos,GCA_002173475.1_Pharrisi_ref_V1,Eukaryota;Animals;Birds,1202.99,0,0,0,1,NA,NA,24,15,0,0,3,3,1,2,9,7,5,6,3,5,0,0,1,0,0,0,5,6,2,10,0,0,0,0,7,22,0,0,5,2,0,0,1,59
Neopelma_chrysocephalum,Neopelma_chrysocephalum,Saffron-crested tyrant-manakin,Aves,Passeriformes,Pipridae,frugivore; insectivore,woodland,diurnal,neotropical,GCF_003984885.1_ASM398488v2,Eukaryota;Animals;Birds,1142.8,0,0,0,1,NA,NA,502,237,0,0,0,1,2,11,11,5,7,4,15,9,0,0,1,2,1,61,2,0,2,0,0,0,0,0,4,37,0,0,3,2,0,0,2,548
Nestor_notabilis,Nestor_notabilis,Kea,Aves,Psittaciformes,Psittacidae,omnivore,forest,diurnal,New Zealand,GCF_000696875.1_ASM69687v1,Eukaryota;Animals;Birds,1053.56,0,0,0,1,0.956,8,1,20,0,0,2,0,4,0,16,9,10,0,7,4,0,0,1,2,0,0,2,3,8,0,0,0,0,0,10,40,0,0,4,2,0,0,1,56
Nipponia_nippon,Nipponia_nippon,Crested ibis,Aves,Ciconiiformes,Threskiornithidae,piscivore; molluscivore,marsh,diurnal,palearctic,GCF_000708225.1_ASM70822v1,Eukaryota;Animals;Birds,1223.86,0,1,0,1,1.9,21.7,19,28,0,0,3,5,2,4,26,10,9,13,10,15,0,1,1,0,0,3,3,11,10,5,0,1,0,0,13,51,0,0,5,2,0,0,2,90
Nothoprocta_perdicaria,Nothoprocta_perdicaria,Chilean tinamou,Aves,Struthioniformes,Tinamidae,granivore,grassland,diurnal,neotropical,GCF_003342845.1_notPer1,Eukaryota;Animals;Birds,965.904,0,0,0,1,NA,NA,173,53,0,0,1,2,3,3,20,6,13,4,5,3,0,0,3,3,6,9,15,2,11,2,0,0,0,0,26,51,0,0,4,3,0,0,2,256
Numida_meleagris,Numida_meleagris,Helmeted guinea fowl,Aves,Galliformes,Numididae,omnivore,forest; grassland,diurnal,neotropical; paleotropical,GCF_002078875.1_NumMel1.0,Eukaryota;Animals;Birds,1043.26,31,1,0,1,NA,NA,33,84,0,0,1,0,5,4,21,5,3,2,7,1,0,0,0,1,0,6,4,0,11,2,0,0,0,0,15,37,0,0,5,1,0,0,2,92
Opisthocomus_hoazin,Opisthocomus_hoazin,Hoatzin,Aves,Opisthocomiformes,Opisthocomidae,herbivore,rainforest,diurnal,neotropical,GCF_000692075.1_ASM69207v1,Eukaryota;Animals;Birds,1203.71,0,0,0,1,0.696,24.2,79,86,0,0,4,1,5,1,21,5,13,6,8,9,0,2,0,0,0,6,3,2,13,6,0,0,0,0,16,51,0,0,5,2,0,0,3,154
Paradisaea_raggiana,Paradisaea_raggiana,Raggiana bird-of-paradise,Aves,Passeriformes,Paradisaeidae,frugivore,forest,diurnal,Papau New Guinea,GCA_003713265.1_ParRag_1.0,Eukaryota;Animals;Birds,1037.51,0,0,0,1,NA,NA,1,14,0,0,1,0,2,1,11,0,5,2,4,3,0,0,0,2,0,6,3,0,8,0,0,0,0,0,11,23,0,0,4,2,0,0,2,41
Paradisaea_rubra,Paradisaea_rubra,Red bird-of-paradise,Aves,Passeriformes,Paradisaeidae,frugivore,forest,diurnal,Papau New Guinea,GCA_003713215.1_ParRub_1.0,Eukaryota;Animals;Birds,1071.26,0,0,0,1,NA,NA,6,20,0,0,1,1,2,1,9,1,5,2,6,5,0,0,0,1,0,7,3,0,7,0,0,0,0,0,10,23,0,0,4,2,0,0,2,45
Parotia_lawesii,Parotia_lawesii,Lawes's parotia,Aves,Passeriformes,Paradisaeidae,frugivore,forest,diurnal,Papau New Guinea,GCA_003713295.1_ParLaw_1.0_,Eukaryota;Animals;Birds,1056.92,0,0,0,1,NA,NA,8,13,0,0,1,1,2,1,11,0,5,2,4,6,0,0,0,3,0,6,3,0,7,0,0,0,0,0,10,23,0,0,4,2,0,0,1,46
Parus_major,Parus_major,Great tit,Aves,Passeriformes,Paridae,insectivore,woodland,diurnal,palearctic,GCF_001522545.3_Parus_major1.1,Eukaryota;Animals;Birds,1020.31,32,1,0,1,NA,NA,5,3,0,0,1,0,1,1,7,0,5,1,3,1,0,0,0,0,0,0,2,0,2,2,0,0,0,0,4,17,0,0,5,2,0,0,1,32
Passer_domesticus,Passer_domesticus,House sparrow,Aves,Passeriformes,Passeridae,omnivore,cosmopolitan,diurnal,global,GCA_001700915.1_Passer_domesticus-1.0,Eukaryota;Animals;Birds,1042.72,30,1,0,1,NA,NA,21,23,0,0,1,0,1,2,9,0,5,1,2,1,0,0,0,0,0,3,1,0,2,1,0,0,0,0,3,18,0,0,4,2,0,0,1,47
Patagioenas_fasciata,Patagioenas_fasciata,Band-tailed pigeon,Aves,Columbiformes,Columbidae,granivore,forest,diurnal,palearctic,GCA_002029285.1_NIATT_ARIZONA,Eukaryota;Animals;Birds,1089.15,0,0,0,1,NA,NA,30,63,0,0,1,1,1,1,17,1,9,5,8,3,1,1,2,2,0,8,4,0,8,3,0,0,0,0,12,40,0,0,4,2,0,0,1,87
Pavo_cristatus,Pavo_cristatus,Peacock,Aves,Galliformes,Phasianidae,omnivore,forest,diurnal,oriental,GCA_005519975.1_AIIM_Pcri_1.0,Eukaryota;Animals;Birds,1027.51,0,0,0,1,NA,NA,3,13,0,0,1,1,3,1,12,2,2,0,10,1,0,0,1,0,0,1,3,2,6,3,0,0,0,0,9,29,0,0,5,1,0,0,3,49
Pelecanus_crispus,Pelecanus_crispus,Dalmatian pelican,Aves,Pelecaniformes,Pelicanidae,piscivore,wetland,diurnal,oriental,GCF_000687375.1_ASM68737v1,Eukaryota;Animals;Birds,1160.92,0,0,0,1,10,9.7,23,39,0,0,4,4,5,6,14,16,5,4,7,3,0,2,1,1,0,2,5,9,10,10,0,0,0,0,15,36,0,0,6,1,0,0,1,81
Phaethon_lepturus,Phaethon_lepturus,White-tailed tropic bird,Aves,Phaethontiformes,Phaethontidae,piscivore,coastal,diurnal,palearctic,GCF_000687285.1_ASM68728v1,Eukaryota;Animals;Birds,1152.96,0,0,0,1,0.33,20,16,20,0,0,2,1,2,3,18,8,5,2,11,8,1,1,1,0,1,2,6,6,7,6,0,0,0,0,13,42,0,0,5,1,0,0,1,77
Phalacrocorax_carbo,Phalacrocorax_carbo,Great cormorant,Aves,Suliformes,Phalacrocoracidae,piscivore,coastal,diurnal,global,GCF_000708925.1_ASM70892v1,Eukaryota;Animals;Birds,1138.97,0,0,0,1,2.4,14.5,2,14,0,0,1,3,1,2,12,8,5,6,4,9,0,0,1,0,1,0,3,9,0,13,0,0,0,0,3,25,0,0,5,1,0,0,1,36
Phasianus_colchicus,Phasianus_colchicus,Common pheasant,Aves,Galliformes,Phasianidae,omnivore,savanna or grassland,diurnal,palearctic,GCA_004143745.1_ASM414374v1,Eukaryota;Animals;Birds,1017.51,0,0,0,1,NA,NA,62,124,0,0,1,1,2,8,13,18,5,1,9,2,0,0,1,0,0,12,3,2,8,4,0,0,0,0,11,31,0,0,6,1,0,0,3,113
Phoenicopterus_ruber,Phoenicopterus_ruber,American flamingo,Aves,Phoenicopteriformes,Phoenicopteridae,carnivore,coastal; wetland,diurnal,palearctic; ethiopian; neotropical,GCA_000687265.1_ASM68726v1,Eukaryota;Animals;Birds,1132.18,0,0,0,1,3.579,21.7,15,27,0,0,6,3,10,6,19,14,21,1,13,6,1,0,1,3,0,4,5,5,12,8,0,0,0,0,17,72,0,0,4,2,0,0,1,109
Phylloscopus_plumbeitarsus,Phylloscopus_plumbeitarsus,Two-barred warbler,Aves,Passeriformes,Phylloscopidae,insectivore,forest,diurnal,palearctic; oriental,GCA_001655115.1_GWplu1.0,Eukaryota;Animals;Birds,997.399,0,0,0,1,NA,NA,0,4,0,0,1,0,5,0,3,6,4,1,2,0,0,0,0,0,0,0,2,0,2,0,0,0,0,0,4,15,0,0,4,2,0,0,1,24
Phylloscopus_trochiloides,Phylloscopus_trochiloides,Greenish warbler,Aves,Passeriformes,Phylloscopidae,insectivore,forest,diurnal,palearctic,GCA_001655095.1_GWvir1.0,Eukaryota;Animals;Birds,1003.33,0,0,0,2,NA,NA,0,5,0,0,1,0,3,1,8,2,4,1,2,1,0,0,0,0,0,1,2,0,2,2,0,0,0,0,4,18,0,0,4,2,0,0,1,27
Phylloscopus_trochilus,Phylloscopus_trochilus,Willow warbler,Aves,Passeriformes,Phylloscopidae,insectivore,forest,diurnal,palearctic,GCA_002305835.1_ASM230583v1,Eukaryota;Animals;Birds,1066.52,0,0,0,1,NA,NA,5,8,0,0,1,0,1,2,5,4,4,2,2,2,0,0,0,0,0,1,2,0,1,2,0,0,0,0,3,13,0,0,4,2,0,0,1,26
Picoides_pubescens,Picoides_pubescens,Downy woodpecker,Aves,Piciformes,Picidae,omnivore,forest,diurnal,nearctic,GCF_000699005.1_ASM69900v1,Eukaryota;Animals;Birds,1167.32,0,0,0,1,0.028,10,12,23,0,0,1,3,2,3,13,2,7,0,5,6,0,0,1,0,0,2,0,0,1,0,0,0,0,0,1,29,0,0,6,1,0,0,1,49
Pipra_filicauda,Pipra_filicauda,Wire-tailed manakin,Aves,Passeriformes,Pipridae,frugivore; insectivore,forest,diurnal,neotropical,GCF_003945595.1_ASM394559v1,Eukaryota;Animals;Birds,1110.96,0,0,0,1,NA,NA,572,75,0,0,0,6,6,8,8,2,6,4,15,22,0,0,1,3,0,12,2,0,1,2,0,0,0,0,3,36,0,0,4,2,0,0,1,616
Podiceps_cristatus,Podiceps_cristatus,Great crested grebe,Aves,Podicipediformes,Podicipedidae,carnivore,wetland,diurnal,palearctic; ethiopian; oriental; australia,GCA_000699545.1_ASM69954v1,Eukaryota;Animals;Birds,1134.92,0,0,0,1,0.92,24.5,24,78,0,0,1,0,6,1,16,3,10,9,11,9,1,0,1,0,4,8,5,5,13,2,0,0,0,0,18,51,0,0,5,1,0,0,1,99
Pseudopodoces_humilis,Pseudopodoces_humilis,Ground tit,Aves,Passeriformes,Paridae,insectivore,grassland,diurnal,oriental,GCF_000331425.1_PseHum1.0,Eukaryota;Animals;Birds,1043,0,1,0,1,NA,NA,8,10,0,0,1,0,0,4,7,2,5,1,3,1,0,0,0,0,0,2,2,0,4,2,0,0,0,0,6,16,0,0,4,2,0,0,1,35
Pseudorectes_ferrugineus,Pseudorectes_ferrugineus,Rusty Pitohui,Aves,Passeriformes,Pachycephalidae,insectivore,rainforest,diurnal,Papau New Guinea,GCA_008033365.1_NUS_rp_v1,Eukaryota;Animals;Birds,995.897,0,0,0,1,NA,NA,0,2,0,0,2,3,1,3,5,1,5,0,5,3,0,0,0,1,0,0,3,0,6,0,0,0,0,0,9,18,0,0,3,1,0,0,2,32
Psittacula_krameri,Psittacula_krameri,Rose-ringed parakeet,Aves,Psittaciformes,Psittacidae,granivore,cosmopolitan,diurnal,palearctic; ethiopian,GCA_002870145.1_P.krameri1.0,Eukaryota;Animals;Birds,1417.81,0,0,0,1,NA,NA,6,45,0,0,0,2,3,5,48,17,7,0,7,4,0,0,0,1,0,5,2,1,2,5,0,0,0,0,4,65,0,0,5,2,0,0,2,82
Pterocles_gutturalis,Pterocles_gutturalis,Yellow-throated sandgrouse,Aves,Pterocliformes,Pteroclidae,granivore,grassland,diurnal,ethiopian,GCF_000699245.1_ASM69924v1,Eukaryota;Animals;Birds,1069.32,0,0,0,1,0.342,20.7,5,25,0,0,4,2,5,3,15,9,10,5,8,9,0,0,1,0,2,2,4,2,7,5,0,0,0,0,11,45,0,0,5,1,0,0,1,67
Pterocnemia_pennata,Pterocnemia_pennata,Lesser rhea,Aves,Struthioniformes,Rheidae,omnivore,savanna or grassland,diurnal,neotropical,GCA_003342835.1_rhePen1,Eukaryota;Animals;Birds,1168.29,0,0,0,1,NA,NA,53,54,0,0,0,2,1,1,21,22,15,10,20,13,1,1,1,0,1,5,14,2,19,3,1,0,0,0,34,61,0,0,5,1,0,0,1,154
Pygoscelis_adeliae,Pygoscelis_adeliae,Adelie penguin,Aves,Sphenisciformes,Spheniscidae,piscivore; molluscivore,polar,diurnal,antarctic,GCF_000699105.1_ASM69910v1,Eukaryota;Animals;Birds,1216.62,0,1,0,3,4.85,17,4,9,0,0,3,2,7,6,24,12,6,4,11,14,1,2,0,0,0,3,3,9,9,11,0,1,0,0,12,53,0,0,6,1,0,0,2,77
Pygoscelis_antarcticus,Pygoscelis_antarcticus,Chinstrap penguin,Aves,Sphenisciformes,Spheniscidae,piscivore,polar,diurnal,pacific Ocean; atlantic ocean,GCA_003264595.1_ASM326459v1,Eukaryota;Animals;Birds,1209.83,0,0,0,2,NA,NA,4,8,0,0,2,3,6,5,29,12,4,4,9,12,1,1,0,0,0,3,3,10,8,10,0,0,0,0,11,52,0,0,6,1,0,0,2,75
Pygoscelis_papua,Pygoscelis_papua,Gentoo penguin,Aves,Sphenisciformes,Spheniscidae,piscivore,polar,diurnal,antarctic,GCA_003264615.1_ASM326461v1,Eukaryota;Animals;Birds,1209.91,0,0,0,2,NA,NA,3,9,0,0,3,3,6,5,28,11,5,3,14,13,1,2,0,0,0,3,3,9,9,11,0,1,0,0,12,58,0,0,6,1,0,0,2,81
Recurvirostra_avosetta,Recurvirostra_avosetta,Pied avocet,Aves,Charadriiformes,Recurvirostridae,carnivore,marsh,diurnal,palearctic,GCA_004023745.1_ASM402374v1,Eukaryota;Animals;Birds,1193.28,0,0,0,1,NA,NA,5,48,0,0,5,2,5,0,28,6,16,8,15,9,4,0,0,0,0,8,7,7,13,4,0,0,0,0,20,77,0,0,5,1,0,0,3,110
Rhea_americana,Rhea_americana,Greater rhea,Aves,Struthioniformes,Rheidae,omnivore,savanna or grassland,diurnal,neotropical,GCA_003343005.1_rheAme1,Eukaryota;Animals;Birds,1160.84,0,0,0,1,NA,NA,81,86,0,0,1,2,1,1,28,20,18,8,13,11,1,1,1,0,0,6,11,1,13,7,1,0,0,0,25,64,0,0,5,2,0,0,1,176
Saxicola_maurus,Saxicola_maurus,Siberian stonechat,Aves,Passeriformes,Muscicapidae,insectivore,open forest,diurnal,palearctic; ethiopian; oriental,GCA_900205225.1_Saxicola_maurus.2,Eukaryota;Animals;Birds,1020.37,0,0,0,1,NA,NA,23,34,0,0,0,0,2,1,9,2,5,0,3,0,0,0,0,0,0,6,0,2,0,1,0,0,0,0,0,19,0,0,3,2,0,0,2,47
Scolopax_mira,Scolopax_mira,Amami woodcock,Aves,Charadriiformes,Scolopacidae,,forest,nocturnal,Japan,GCA_004320125.1_Scolopax_mira_ver1.0,Eukaryota;Animals;Birds,1091.29,0,0,0,1,NA,NA,43,267,0,0,2,2,3,2,32,11,8,5,6,9,0,5,0,0,3,41,4,3,12,1,0,0,0,0,16,54,0,0,5,1,0,0,1,119
Serinus_canaria,Serinus_canaria,Cockatiel,Aves,Psittaciformes,Psittacidae,granivore,savanna or grassland,diurnal,australia,GCF_007115625.1_cibio_Scana_2019,Eukaryota;Animals;Birds,1071.66,0,1,0,2,NA,NA,118,120,0,0,2,0,1,2,7,1,5,1,2,2,0,0,0,0,0,19,2,0,1,2,0,0,0,0,3,17,0,0,6,2,0,0,1,145
Setophaga_coronata,Setophaga_coronata,Yellow-rumped warbler,Aves,Passeriformes,Parulidae,insectivore,woodland,diurnal,nearctic,GCA_001746935.1_mywagenomev1.1,Eukaryota;Animals;Birds,1171.93,0,0,0,1,NA,NA,0,32,0,0,2,2,4,7,7,2,6,0,3,1,0,0,0,0,0,11,1,1,0,1,0,0,0,0,1,22,0,0,4,2,0,0,1,28
Spheniscus_humboldti,Spheniscus_humboldti,Humboldt penguin,Aves,Sphenisciformes,Spheniscidae,piscivore,coastal,diurnal,neotropical,GCA_003264545.1_ASM326454v1,Eukaryota;Animals;Birds,1209.86,0,0,0,2,NA,NA,5,10,0,0,4,2,5,7,24,9,6,6,11,9,1,1,0,0,0,2,3,12,8,16,0,0,0,0,11,52,0,0,6,1,0,0,2,76
Spheniscus_magellanicus,Spheniscus_magellanicus,Magellanic penguin,Aves,Sphenisciformes,Spheniscidae,piscivore,coastal,diurnal,neotropical,GCA_003264715.1_ASM326471v1,Eukaryota;Animals;Birds,1209.86,0,0,0,3,NA,NA,4,8,0,0,5,3,6,5,18,11,4,7,11,14,1,2,0,0,0,3,3,11,7,11,0,0,0,0,10,46,0,0,6,1,0,0,2,68
Spheniscus_mendiculus,Spheniscus_mendiculus,Galapagos penguin,Aves,Sphenisciformes,Spheniscidae,piscivore,coastal,diurnal,Galapagos,GCA_003264655.1_ASM326465v1,Eukaryota;Animals;Birds,1209.85,0,0,0,1,NA,NA,3,13,0,0,3,2,7,5,18,11,5,4,14,10,1,3,0,0,0,1,3,11,10,10,0,1,0,0,13,49,0,0,5,2,0,0,2,72
Sporophila_hypoxantha,Sporophila_hypoxantha,Tawney-bellied seedeater,Aves,Passeriformes,Thraupidae,granivore,savanna or grassland,diurnal,neotropical,GCA_002167245.1_SpoHypox2.0,Eukaryota;Animals;Birds,1067.76,0,0,0,1,NA,NA,16,68,0,0,1,0,1,5,7,2,8,1,3,0,0,0,0,0,0,12,2,0,1,0,0,0,0,0,3,20,0,0,4,2,0,0,0,43
Streptopelia_turtur,Streptopelia_turtur,European turtle dove,Aves,Columbiformes,Columbidae,granivore,forest,diurnal,palearctic,GCA_901699155.1_bStrTur1.1,Eukaryota;Animals;Birds,1178.93,31,0,0,2,NA,NA,564,233,0,1,0,4,1,4,15,5,9,34,15,16,1,3,12,11,0,10,5,0,9,5,0,0,0,0,14,54,0,0,4,2,0,0,1,637
Strigops_habroptila,Strigops_habroptila,Kakapo,Aves,Psittaciformes,Psittacidae,frugivore; granivore,forest,nocturnal,New Zealand,GCF_004027225.1_bStrHab1_v1.p,Eukaryota;Animals;Birds,1165.62,26,1,0,2,NA,NA,118,118,0,0,1,0,2,2,83,5,8,1,12,2,0,0,1,0,0,13,3,2,8,1,0,0,0,0,11,107,0,0,5,1,0,0,2,243
Strix_occidentalis,Strix_occidentalis,Northern spotted owl,Aves,Strigiformes,Strigidae,carnivore,forest,nocturnal,nearctic,GCA_002372975.1_Soccid_v01,Eukaryota;Animals;Birds,1255.54,0,0,0,1,NA,NA,145,85,0,0,6,3,3,5,22,4,19,20,10,7,0,1,2,1,0,9,6,4,12,1,0,0,0,0,18,62,0,0,5,1,0,0,3,233
Struthio_camelus,Struthio_camelus,Ostrich,Aves,Struthioniformes,Struthionidae,granivore,savanna or grassland,diurnal,ethiopian,GCF_000698965.1_ASM69896v1,Eukaryota;Animals;Birds,1225.04,0,1,0,1,111,19.2,10,12,0,0,1,0,3,0,25,9,7,5,7,9,0,0,0,4,2,1,10,7,17,3,1,0,0,0,28,45,0,0,5,1,0,0,0,88
Sturnus_vulgaris,Sturnus_vulgaris,Common starling,Aves,Passeriformes,Sturnidae,omnivore,cosmopolitan,diurnal,palearctic; ethiopian,GCF_001447265.1_Sturnus_vulgaris-1.0_,Eukaryota;Animals;Birds,1036.76,0,0,0,1,NA,NA,5,14,0,0,0,0,3,0,10,0,4,1,4,0,0,0,0,0,0,2,1,0,3,0,0,0,0,0,4,21,0,0,4,2,0,0,2,36
Syrmaticus_mikado,Syrmaticus_mikado,Mikaido pheasant,Aves,Galliformes,Phasianidae,omnivore,shrub forest,diurnal,oriental,GCA_003435085.1_NTU_Smik_1.2,Eukaryota;Animals;Birds,1066.43,0,0,0,1,NA,NA,80,172,0,0,1,0,1,5,11,10,3,3,11,1,0,0,1,0,0,13,3,2,6,4,0,0,0,0,9,28,0,0,6,1,0,0,3,126
Tachycineta_bicolor,Tachycineta_bicolor,Tree swallow,Aves,Passeriformes,Hirundinidae,insectivore,general,diurnal,nearctic; neotropical,GCA_007636935.1_CLO_TRES_1,Eukaryota;Animals;Birds,1135.35,0,0,0,1,NA,NA,0,17,0,0,2,0,3,1,5,5,9,0,2,1,0,0,0,0,0,4,2,0,1,0,0,0,0,0,3,21,0,0,5,2,0,0,2,31
Taeniopygia_guttata,Taeniopygia_guttata,Zebra finch,Aves,Passeriformes,Estrildidae,granivore,savanna,diurnal,australia,GCF_003957565.1_bTaeGut1_v1.p,Eukaryota;Animals;Birds,1058.01,0,0,0,7,0.012,9.7,56,21,0,0,2,0,1,2,1,0,2,0,1,1,0,0,0,0,0,2,2,1,2,1,0,0,0,0,4,7,0,0,5,2,0,0,1,73
Tauraco_erythrolophus,Tauraco_erythrolophus,Red-crested turaco,Aves,Musophagiformes,Musophagidae,,forest,diurnal,ethiopian,GCF_000709365.1_ASM70936v1,Eukaryota;Animals;Birds,1155.54,0,0,0,1,NA,NA,33,102,0,0,1,4,3,3,14,6,14,22,5,13,0,1,0,0,0,12,6,1,5,11,0,0,0,0,11,37,0,0,6,1,0,0,1,88
Tinamus_guttatus,Tinamus_guttatus,White-throated tinamou,Aves,Struthioniformes,Tinamidae,granivore,rainforest,diurnal,palearctic,GCF_000705375.1_ASM70537v2,Eukaryota;Animals;Birds,1047.06,0,0,0,1,388,19.5,46,93,0,0,3,1,2,1,23,3,17,7,5,9,1,0,0,0,3,12,11,5,10,3,0,0,0,0,21,55,0,0,4,2,0,0,2,128
Tympanuchus_cupido,Tympanuchus_cupido,Sharp-tailed grouse,Aves,Galliformes,Phasianidae,insectivore; herbifore,forest,diurnal,nearctic,GCA_001870855.1_T_cupido_pinnatus_GPC_3440_v1,Eukaryota;Animals;Birds,983.777,0,0,0,1,NA,NA,8,9,0,1,1,0,1,4,11,5,2,0,5,4,0,0,1,0,0,4,3,0,5,4,0,0,0,0,8,21,0,0,6,1,0,0,3,46
Tyto_alba,Tyto_alba,Barn owl,Aves,Strigiformes,Tytonidae,carnivore,general,nocturnal,cosmopolitan,GCF_000687205.1_ASM68720v1,Eukaryota;Animals;Birds,1120.14,0,0,0,1,0.392,18.5,17,53,0,0,2,1,1,5,21,8,7,10,6,7,0,0,1,0,1,6,6,2,8,8,0,0,0,0,14,39,0,0,4,2,0,0,0,74
Uria_lomvia,Uria_lomvia,Thick-billed murre,Aves,Charadriiformes,Alcidae,piscivore; molluscivore,coastal,diurnal,holarctic,GCA_002289315.1_UriLom_1.1,Eukaryota;Animals;Birds,1179.36,0,0,0,1,NA,NA,4,15,0,1,4,0,6,1,33,5,15,1,12,10,1,2,0,0,0,0,5,6,8,7,0,0,0,0,13,72,0,0,6,1,0,0,3,98
Urile_pelagicus,Urile_pelagicus,Pelagic cormorant,Aves,Suliformes,Phalacrocoracidae,piscivore,coastal,diurnal,nearctic; palearctic,GCA_002173435.1_ASM217343v1,Eukaryota;Animals;Birds,1210.66,0,0,0,1,NA,NA,18,16,0,0,1,4,1,2,11,3,4,5,7,8,0,0,1,0,0,0,3,5,3,6,0,0,0,0,6,25,0,0,5,2,0,0,1,55
Zonotrichia_albicollis,Zonotrichia_albicollis,White-throated sparrow,Aves,Passeriformes,Passerellidae,granivore,forest,diurnal,nearctic,GCF_000385455.1_Zonotrichia_albicollis-1.0.1,Eukaryota;Animals;Birds,1052.6,0,0,0,2,NA,NA,50,59,0,0,2,0,2,1,6,2,5,0,3,0,0,0,0,0,0,8,1,2,0,0,0,0,0,0,1,18,0,0,4,2,0,0,1,74
Zosterops_borbonicus,Zosterops_borbonicus,Réunion grey white-eye,Aves,Passeriformes,Zosteropidae,insectivore,forest,diurnal,Réunion Island,GCA_007252995.1_ZoBo_15179_v2.0,Eukaryota;Animals;Birds,1213.66,0,0,0,1,NA,NA,84,67,0,0,2,3,1,3,8,4,5,2,4,2,0,0,0,0,0,15,2,0,2,0,0,0,0,0,4,20,0,0,4,2,0,0,1,113
Zosterops_lateralis,Zosterops_lateralis,Silvereye,Aves,Passeriformes,Zosteropidae,insectivore,coastal,diurnal,australia,GCA_001281735.1_ASM128173v1,Eukaryota;Animals;Birds,1036,0,0,0,1,NA,NA,39,33,0,0,2,1,1,3,6,2,5,1,1,2,0,0,0,0,0,9,2,0,2,1,0,0,0,0,4,15,0,0,4,2,0,0,1,63
Zosterops_pallidus,Zosterops_pallidus,Cape-white eye,Aves,Passeriformes,Zosteropidae,insectivore,general,diurnal,oriental,GCA_007556475.1_ZoPa_MNHNZO2015-572_v1.0,Eukaryota;Animals;Birds,1149.6,0,0,0,1,NA,NA,17,26,0,0,2,0,1,3,6,2,1,4,1,3,0,0,0,0,0,10,2,0,3,0,0,0,0,0,5,11,0,0,4,2,0,0,1,38
Lethenteron_camtschaticum,Lethenteron_camtschaticum,Arctic lamprey,Cephalaspidomorphi,Petromyzontiformes,Petromyzontidae,sanguivore,freshwater,,arctic,GCA_000466285.1_LetJap1.0,Eukaryota;Animals;Fishes,1130.42,0,0,0,2,NA,NA,4,62,0,0,0,0,0,0,0,0,0,0,0,0,0,0,0,0,0,0,0,1,0,2,0,0,0,0,0,0,0,0,4,5,0,0,37,45
Petromyzon_marinus,Petromyzon_marinus,Sea lamprey,Cephalaspidomorphi,Petromyzontiformes,Petromyzontidae,sanguivore,marine,,palearctic,GCA_002833325.1_Pmar_germline_1.0,Eukaryota;Animals;Fishes,1030.66,0,0,0,1,NA,NA,4,45,0,0,0,0,0,0,0,0,0,0,0,0,0,0,0,0,0,0,0,0,0,2,0,0,0,0,0,0,0,0,4,2,0,0,23,31
Callorhinchus_milii,Callorhinchus_milii,Elephant fish,Chondrichthyes,Chimaeriformes,Callorhinchidae,molluscivore,marine,,Pacific Ocean,GCF_000165045.1_Callorhinchus_milii-6.1.3,Eukaryota;Animals;Fishes,0.001005,0,0,0,2,NA,NA,0,1,0,0,0,0,0,0,0,0,0,0,0,0,0,0,0,0,0,0,0,0,0,0,0,0,0,0,0,0,0,3,120,30,0,0,0,120
Chiloscyllium_plagiosum,Chiloscyllium_plagiosum,Whitespotted bamboo shark,Chondrichthyes,Orectolobiformes,Hemiscylliidae,piscivore,marine,,Pacific Ocean,GCA_004010195.1_ASM401019v1,Eukaryota;Animals;Fishes,3375.7,0,0,0,1,NA,NA,2,0,0,0,0,0,0,0,0,0,0,0,0,0,0,0,0,0,0,0,0,0,1,0,0,0,0,0,1,0,0,3,139,27,0,0,0,142
Chiloscyllium_punctatum,Chiloscyllium_punctatum,Brown-banded bamboo shark,Chondrichthyes,Orectolobiformes,Hemiscylliidae,piscivore,marine,,Pacific Ocean,GCA_003427335.1_Cpunctatum_v1.0,Eukaryota;Animals;Fishes,1555.46,0,1,0,1,NA,NA,3,0,0,0,0,0,0,0,0,0,0,0,0,0,0,0,0,0,0,0,0,0,1,0,0,0,0,0,1,0,0,3,105,43,0,0,0,109
Leucoraja_erinacea,Leucoraja_erinacea,Little skate,Chondrichthyes,Rajiformes,Rajidae,carnivore,marine,,Atlantic Ocean,GCA_000238235.1_LER_WGS_1,Eukaryota;Animals;Fishes,0,0,0,0,0,NA,NA,0,0,0,0,0,0,0,0,0,0,0,0,0,0,0,0,0,0,0,0,0,0,0,1,0,0,0,0,0,0,0,1,29,5,0,0,0,29
Rhincodon_typus,Rhincodon_typus,Whale shark,Chondrichthyes,Orectolobiformes,Rhincodontidae,piscivore,marine,,Ocean,GCF_001642345.1_ASM164234v2,Eukaryota;Animals;Fishes,4470.98,0,0,0,1,NA,NA,2,1,0,0,0,0,0,0,0,0,0,0,0,0,0,0,0,0,0,0,0,0,1,0,0,0,0,0,1,0,0,2,61,30,0,0,0,64
Scyliorhinus_torazame,Scyliorhinus_torazame,Cloudy cat shark,Chondrichthyes,Carcharhiniformes,Scyliorhinidae,molluscivore,marine,,Pacific Ocean,GCA_003427355.1_Storazame_v1.0,Eukaryota;Animals;Mammals,3272.09,24,1,0,223,NA,NA,2,2,0,0,0,0,0,0,0,0,0,0,0,0,0,0,0,0,0,0,0,0,0,0,0,0,0,0,0,0,0,2,64,7,0,0,0,66
Alligator_mississippiensis,Alligator_mississippiensis,American alligator,Crocodilia,Crocodilia,Crocodylidae,carnivore,Freshwater,diurnal,nearctic,GCF_000281125.3_ASM28112v4,Eukaryota;Animals;Reptiles,2161.73,0,1,0,3,150,53,44,132,7,2,120,115,29,65,151,90,154,60,168,75,8,12,5,18,54,90,11,6,60,16,2,0,0,0,73,704,0,0,5,2,0,0,0,826
Alligator_sinensis,Alligator_sinensis,Chinese alligator,Crocodilia,Crocodilia,Crocodylidae,carnivore,Freshwater,nocturnal,oriental,GCF_000455745.1_ASM45574v1,Eukaryota;Animals;Reptiles,2270.57,0,0,0,1,NA,NA,40,143,7,7,180,141,37,82,217,74,196,88,236,130,12,12,7,16,94,121,23,12,83,17,3,0,0,0,109,998,0,0,5,2,0,0,0,1152
Crocodylus_porosus,Crocodylus_porosus,Saltwater crocodile,Crocodilia,Crocodilia,Crocodylidae,carnivore,coastal,,oriental,GCF_001723895.1_CroPor_comp1,Eukaryota;Animals;Reptiles,2049.54,0,1,0,2,NA,NA,0,0,0,0,4,0,0,0,1,1,4,2,4,1,0,0,0,0,0,0,0,0,8,0,0,0,0,0,8,13,0,0,6,2,0,0,0,27
Gavialis_gangeticus,Gavialis_gangeticus,Gharial,Crocodilia,Crocodylia,Crocodylidae,piscivore,freshwater,diurnal; crepuscular,oriental,GCF_001723915.1_GavGan_comp1,Eukaryota;Animals;Other Animals,2640.79,0,1,0,2,NA,NA,0,3,0,0,1,5,5,5,10,4,3,2,1,4,3,1,0,0,3,2,0,0,0,0,2,0,0,0,2,29,0,0,6,2,0,0,0,37
Canis_lupus_familiaris,Canis_lupus_familiaris,Dog,Mammalia,Carnivora,Canidae,,,,,GCF_000002285.3_CanFam3.1,Eukaryota;Animals;Mammals,3196.74,0,1,0,1,NA,NA,0,4,92,31,162,49,113,73,302,38,132,43,113,21,37,6,2,0,2,3,85,22,159,28,1,2,36,7,281,992,0,0,3,5,11,13,1,1288
Homo_sapien,Homo_sapien,Human,Mammalia,Primates,Hominidae,primates,cosmopolitan,,cosmopolitan,GCF_000001405.39_GRCh38.p13,Eukaryota;Animals;Mammals,1858.55,26,1,0,4,NA,NA,0,0,0,0,0,0,0,0,0,0,0,0,0,0,0,0,0,0,0,0,0,0,0,0,0,0,0,0,0,0,0,0,0,0,0,0,15,15
Loxodonta_africana,Loxodonta_africana,African elephant,Mammalia,Proboscidea,Elephantanidae,,,,,GCF_000001905.1_Loxafr3.0,Eukaryota;Animals;Mammals,3196.74,0,1,0,1,NA,NA,1,40,385,255,403,353,357,464,1292,727,262,227,205,150,116,95,15,11,50,138,129,56,229,103,3,4,27,18,388,3201,0,0,13,28,45,82,16,3664
Monodelphis_domestica,Monodelphis_domestica,Grey short-tailed possum,Mammalia,Metatheria,,,,,,GCF_000002295.2,Eukaryota;Animals;Mammals,3598.44,9,1,0,1,NA,NA,0,3,133,22,242,48,143,27,431,76,145,12,194,33,44,18,12,2,62,26,135,9,210,14,7,2,25,2,377,1450,0,0,351,112,22,6,5,2205
Mus_musculus,Mus_musculus,Mouse,Mammalia,Rodentia,Muridae,,,,,GCF_000001635.26_GRCm38.p6,Eukaryota;Animals;Mammals,2439.83,0,0,0,14,NA,NA,0,2,178,44,243,50,190,23,506,75,123,7,186,11,34,11,16,1,27,15,76,12,127,11,8,0,14,2,225,1537,0,5,266,184,117,64,12,2157
Ornithorhynchus_anatinus,Ornithorhynchus_anatinus,Platypus,Mammalia,Monotremata,Ornithorhynchidae,Carnivore,freshwater,nocturnal,Australia,GCF_004115215.1_mOrnAna1.p.v1,Eukaryota;Animals;Mammals,2818.97,21,1,0,23,NA,NA,0,2,54,7,53,34,37,14,88,22,34,28,44,7,4,3,3,4,66,130,7,2,76,5,0,0,14,12,97,387,0,0,85,156,420,422,0,989
Latimeria_chalumnae,Latimeria_chalumnae,Coelacanth,Sarcopterygii,Coelacanthiformes,Latimeriidae,piscivore,marine,,Indian ocean,GCF_000225785.1_LatCha1,Eukaryota;Animals;Fishes,2860.59,0,1,0,2,NA,NA,97,53,0,0,0,0,0,0,0,0,1,0,30,1,0,0,0,0,0,0,0,0,13,1,0,0,0,0,13,31,0,6,344,87,2,0,0,487
Sphenodon_punctatus,Sphenodon_punctatus,Tuatara,Sphenodon,Rhynchocephalia,Sphenodontidae,insectivore,chaparral,nocturnal,New Zealand,GCA_003113815.1_ASM311381v1,Eukaryota;Animals;Reptiles,4272.21,0,0,0,1,NA,NA,146,21,14,1,38,7,28,11,65,11,89,5,81,26,14,8,2,0,39,13,22,4,76,7,0,0,3,1,101,384,34,7,40,11,0,0,2,707
Anolis_carolinensis,Anolis_carolinensis,Green anole,Squamate,Squamata,Polychrotidae,insectivore,Forest; savanna,diurnal,nearctic,GCF_000090745.1_AnoCar2.0,Eukaryota;Animals;Reptiles,1799.14,13,1,0,1,NA,NA,38,15,5,1,10,3,11,1,33,9,13,1,34,13,5,1,0,2,0,0,1,0,0,0,0,0,0,0,1,116,130,21,135,8,0,0,0,420
Crotalus_horridus,Crotalus_horridus,Timber rattlesnake,Squamate,Squamata,Viperidae,carnivore,forest,,nearctic,GCA_001625485.1_ASM162548v1,Eukaryota;Animals;Reptiles,1520.33,0,0,0,1,NA,NA,84,49,19,2,73,30,19,5,137,38,88,24,116,44,14,4,15,9,13,16,8,4,27,5,1,0,0,0,36,508,667,264,664,310,0,0,0,1959
Crotalus_pyrrhus,Crotalus_pyrrhus,Sidewinder,Squamate,Squamata,Viperidae,carnivore,desert,diurnal; nocturnal,nearctic,GCA_000737285.1_CrotMitch1.0,Eukaryota;Animals;Reptiles,1126.79,0,0,0,1,NA,NA,79,63,13,6,63,42,15,14,79,75,64,35,99,66,12,4,13,3,8,22,10,3,19,6,0,4,0,0,29,378,376,269,223,249,0,0,0,1085
Crotalus_viridis,Crotalus_viridis,Prairie rattlesnake,Squamate,Squamata,Viperidae,carnivore,grassland,diurnal,nearctic,GCA_003400415.2_UTA_CroVir_3.0,Eukaryota;Animals;Reptiles,1340.2,18,0,0,1,NA,NA,100,38,16,1,75,38,20,3,101,52,89,24,111,44,10,4,10,10,8,16,5,7,27,4,0,0,0,0,32,450,613,164,664,227,0,0,0,1859
Emydocephalus_ijimae,Emydocephalus_ijimae,Turtlehead sea snake,Squamate,Squamata,Elapidae,fish eggs,marine,diurnal,oriental,GCA_004319985.1_emyIji_1.0,Eukaryota;Animals;Reptiles,1625.2,0,0,0,1,NA,NA,6,10,5,6,21,26,16,12,36,31,29,17,25,29,2,0,0,1,0,0,3,5,10,9,0,1,0,0,13,136,412,494,464,519,0,0,0,1031
Gekko_japonicus,Gekko_japonicus,Schlegel's Japanese Gecko,Squamate,Squamata,Gekkonidae,insectivore,cosmopolitan,nocturnal,oriental,GCF_001447785.1_Gekko_japonicus_V1.1,Eukaryota;Animals;Reptiles,2490.27,0,1,0,1,NA,NA,112,45,33,4,127,27,22,14,80,26,211,19,174,46,24,7,13,0,40,13,33,5,55,8,4,0,0,0,92,748,808,124,534,149,0,0,0,2294
Hydrophis_cyanocinctus,Hydrophis_cyanocinctus,Blue-banded sea snake,Squamate,Squamata,Elapidae,piscivore,coastal,,oriental,GCA_004023725.1_ASM402372v1,Eukaryota;Animals;Reptiles,1389.86,0,0,0,1,NA,NA,6,19,11,3,14,26,17,5,32,36,16,21,28,42,4,4,0,0,0,0,1,6,5,5,0,1,0,0,6,126,180,280,129,316,0,0,0,447
Hydrophis_hardwickii,Hydrophis_hardwickii,Spine-bellied sea snake,Squamate,Squamata,Elapidae,piscivore,coastal,,oriental; australian,GCA_004023765.1_ASM402376v1,Eukaryota;Animals;Reptiles,1296.39,0,0,0,1,NA,NA,6,19,11,6,15,25,14,8,27,42,24,23,19,47,5,4,0,0,0,2,2,3,4,5,0,1,0,0,6,120,168,292,131,304,0,0,0,431
Hydrophis_melanocephalus,Hydrophis_melanocephalus,Slender-necked sea snake,Squamate,Squamata,Elapidae,piscivore,coastal,,oriental; australian,GCA_004320005.1_hydMel_1.0,Eukaryota;Animals;Reptiles,1402.64,0,0,0,1,NA,NA,6,22,8,5,18,25,17,9,39,34,16,19,24,40,4,3,0,0,0,0,1,6,3,7,0,2,0,0,4,130,194,238,184,250,0,0,0,518
Lacerta_bilineata,Lacerta_bilineata,Western green lizard,Squamate,Squamata,Lacertidae,insectivore,forest,diurnal,palearctic,GCA_900245895.1_L_bilineata_genome_assembly,Eukaryota;Animals;Reptiles,1418.15,0,0,0,1,NA,NA,152,30,19,6,106,13,53,6,157,29,123,13,221,37,22,2,15,0,39,19,36,6,60,0,10,1,0,0,106,777,1179,212,841,167,0,0,0,3055
Lacerta_viridis,Lacerta_viridis,European green lizard,Squamate,Squamata,Lacertidae,insectivore,grasslands,diurnal,palearctic,GCA_900245905.1_ASM90024590v1,Eukaryota;Animals;Reptiles,1439.84,0,0,0,1,NA,NA,189,48,19,3,108,25,37,9,175,15,136,17,219,27,19,3,17,1,62,37,35,5,58,4,9,0,0,0,102,811,1348,227,962,170,0,0,0,3412
Laticauda_colubrina,Laticauda_colubrina,Yellow-lipped sea krait,Squamate,Squamata,Hydrophiidae,piscivore,marine,nocturnal,oriental; australian,GCA_004320045.1_latCor_1.0,Eukaryota;Animals;Reptiles,2024.69,0,0,0,1,NA,NA,32,78,16,13,44,41,15,12,65,44,21,45,33,50,5,8,1,10,3,10,1,1,13,5,1,2,0,0,15,208,421,479,720,750,0,0,0,1396
Laticauda_laticaudata,Laticauda_laticaudata,Blue-lipped sea krait,Squamate,Squamata,Hydrophiidae,piscivore,marine,nocturnal,oriental; australian,GCA_004320025.1_latLat_1.0,Eukaryota;Animals;Reptiles,1558.71,0,0,0,1,NA,NA,29,78,10,9,32,41,6,17,63,50,26,44,38,58,4,6,1,7,5,6,1,3,9,7,0,5,0,0,10,189,202,268,204,373,0,0,0,634
Notechis_scutatus,Notechis_scutatus,Tiger snake,Squamate,Squamata,Elapidae,carnivore,coastal,diurnal,Australia,GCF_900518725.1_TS10Xv2-PRI,Eukaryota;Animals;Reptiles,1665.53,0,0,0,1,NA,NA,86,50,18,1,55,34,22,8,93,40,67,25,74,55,10,8,5,2,8,12,4,2,22,4,2,3,0,0,28,362,1141,684,1449,383,0,0,0,3066
Ophiophagus_hannah,Ophiophagus_hannah,King cobra,Squamate,Squamata,Elapidae,carnivore,forest; grassland,diurnal,oriental,GCA_000516915.1_OphHan1.0,Eukaryota;Animals;Reptiles,1594.07,0,0,0,1,NA,NA,105,61,14,3,83,26,21,5,132,49,95,19,100,46,10,4,7,8,8,17,5,6,33,6,2,0,0,0,40,480,1059,505,635,501,0,0,0,2319
Pantherophis_guttatus,Pantherophis_guttatus,Red corn snake,Squamate,Squamata,Colubridae,carnivore,savanna or grassland; forest,nocturnal,nearctic,GCA_001185365.1_PanGut1.0,Eukaryota;Animals;Reptiles,1404.22,0,0,0,1,NA,NA,87,57,18,9,68,41,18,21,87,60,65,34,116,60,6,5,11,9,9,14,7,7,28,7,0,3,0,0,35,404,413,556,225,373,0,0,0,1164
Paroedura_picta,Paroedura_picta,Ocelot gecko,Squamate,Squamata,Gekkonidae,insectivore,forest,nocturnal,Madagascar,GCA_003118565.1_Ppicta_assembly_v1,Eukaryota;Animals;Reptiles,1694.16,0,0,0,1,NA,NA,117,22,34,5,77,27,22,7,109,13,125,5,183,29,10,2,12,1,18,10,26,3,31,1,2,0,0,0,59,600,564,139,380,108,0,0,0,1720
Podarcis_muralis,Podarcis_muralis,Common wall lizard,Squamate,Squamata,Lacertidae,insectivore,rocky,diurnal,palearctic,GCF_004329235.1_PodMur_1.0,Eukaryota;Animals;Reptiles,1511.02,19,1,0,1,NA,NA,105,22,22,1,96,22,51,13,154,31,128,13,210,27,15,3,10,1,26,8,45,12,57,15,6,0,0,0,108,727,1671,297,1271,293,0,0,0,3882
Pogona_vitticeps,Pogona_vitticeps,Central bearded dragon,Squamate,Squamata,Agamidae,omnivore,desert; savanna or grassland,diurnal,australia,GCF_900067755.1_pvi1.1_,Eukaryota;Animals;Reptiles,1716.68,0,0,0,1,NA,NA,85,8,12,1,18,11,19,7,71,13,38,5,63,18,6,5,6,0,5,2,2,0,2,0,0,0,0,0,4,244,256,66,184,68,0,0,0,773
Protobothrops_flavoviridis,Protobothrops_flavoviridis,Habu,Squamate,Squamata,Viperidae,carnivore,forest,nocturnal,Japan,GCA_003402635.1_HabAm_1.,Eukaryota;Animals;Reptiles,1413.2,0,0,0,1,NA,NA,135,40,19,2,95,22,26,5,187,22,108,6,132,33,15,4,18,1,19,11,9,6,40,5,2,3,0,0,51,634,1153,199,1262,197,0,0,0,3235
Protobothrops_mucrosquamatus,Protobothrops_mucrosquamatus,Brown-spotted pit viper,Squamate,Squamata,Viperidae,carnivore,forest,nocturnal,oriental,GCF_001527695.2_P.Mucros_1.0,Eukaryota;Animals;Reptiles,1673.88,0,1,0,1,NA,NA,167,41,25,0,100,26,25,8,199,51,136,12,145,33,18,4,20,0,15,20,17,2,53,3,1,2,0,0,71,701,1279,263,1476,288,0,0,0,3694
Pseudonaja_textilis,Pseudonaja_textilis,Eastern brown snake,Squamate,Squamata,Elapidae,carnivore,dry forest,diurnal,Australia,GCF_900518735.1_EBS10Xv2-PRI,Eukaryota;Animals;Reptiles,1590.04,0,0,0,1,NA,NA,78,67,18,2,65,20,16,12,85,36,70,20,68,56,6,7,2,2,0,18,4,3,16,5,2,4,0,0,22,336,1242,676,1439,502,0,0,0,3117
Python_bivittatus,Python_bivittatus,Burmese python,Squamate,Squamata,Pythonidae,carnivore,rainforest,nocturnal,oriental,GCF_000186305.1_Python_molurus_bivittatus-5.0.2,Eukaryota;Animals;Reptiles,1435.05,0,1,0,1,NA,NA,149,147,20,15,101,66,27,20,155,56,122,85,239,110,19,15,26,4,54,79,12,6,30,10,1,2,0,0,43,782,828,515,626,515,0,0,0,2428
Salvator_merianae,Salvator_merianae,Argentine black and white tegu,Squamate,Squamata,Teiidae,omnivore,savanna or grassland,diurnal,neotropical,GCA_003586115.2_HLtupMer6,Eukaryota;Animals;Reptiles,2068.17,0,0,0,1,NA,NA,266,91,14,5,117,13,48,12,249,36,145,2,120,14,19,1,16,1,66,26,5,2,18,11,2,1,0,0,25,813,4755,2086,5245,2053,0,0,0,11104
Thamnophis_sirtalis,Thamnophis_sirtalis,Common garter snake,Squamate,Squamata,Colubridae,carnivore,general,diurnal,nearctic,GCF_001077635.1_Thamnophis_sirtalis-6.0,Eukaryota;Animals;Reptiles,1424.9,0,0,0,1,NA,NA,94,40,11,3,70,21,26,4,112,34,56,14,116,24,9,4,15,1,7,10,6,2,24,4,1,0,0,0,31,431,494,194,402,225,0,0,0,1452
Thermophis_baileyi,Thermophis_baileyi,Bailey's snake,Squamate,Squamata,Colubridae,carnivore,alpine,,oriental,GCA_003457575.1_DSBC_Tbai_1.0,Eukaryota;Animals;Reptiles,1747.68,0,0,0,1,NA,NA,110,50,18,5,89,24,27,12,121,32,99,19,151,40,20,4,20,2,24,20,6,6,31,6,1,4,0,0,38,589,1389,388,1389,479,0,0,0,3515
Varanus_komodoensis,Varanus_komodoensis,Komodo dragon,Squamate,Squamata,Varanidae,carnivore,savanna or grassland; forest,diurnal,oriental,GCA_004798865.1_ASM479886v1,Eukaryota;Animals;Reptiles,1507.95,0,0,0,2,NA,NA,125,23,4,3,27,13,18,3,83,27,60,11,120,30,9,5,3,1,14,13,1,0,2,0,0,0,0,0,3,347,1305,764,1587,780,0,0,1,3368
Vipera_berus,Vipera_berus,Northern viper,Squamate,Squamata,Viperidae,carnivore,savanna or grassland; forest,crepuscular,palearctic; oriental,GCA_000800605.1_Vber.be_1.0,Eukaryota;Animals;Reptiles,1532.39,0,0,0,1,NA,NA,85,42,20,1,70,23,20,6,139,27,94,12,123,32,13,3,16,1,16,10,5,2,24,1,1,0,0,0,30,524,775,134,858,163,0,0,0,2272
Apalone_spinifera,Apalone_spinifera,Gulf coast spiny soft shell,Testudine,Testudines,Trionychidae,carnivore,lakes,diurnal,nearctic,GCA_000385615.1_ASM38561v1,Eukaryota;Animals;Reptiles,1931.08,0,0,0,1,NA,NA,15,35,3,6,16,19,10,10,196,137,101,45,228,177,3,12,1,17,54,69,121,73,539,327,0,0,0,0,660,615,2,1,6,2,0,0,1,1299
Carettochelys_insculpta,Carettochelys_insculpta,Pig-nosed turtle,Testudine,Testudines,Carettochelyidae,omnivore,freshwater,,Australia,GCA_007922185.1_Carettochelys_insculpta-1.0,Eukaryota;Animals;Reptiles,2356.57,0,0,0,1,NA,NA,9,14,0,0,7,8,8,3,82,20,94,25,277,78,3,4,3,1,3,3,181,49,464,114,1,0,0,0,646,480,0,0,4,3,0,0,0,1139
Chelonia_mydas,Chelonia_mydas,Green turtle,Testudine,Testudines,Cheloniidae,omnivore,marine,,cosmopolitan,GCF_000344595.1_CheMyd_1.0,Eukaryota;Animals;Reptiles,2208.41,0,1,0,1,NA,NA,2,20,0,5,23,36,4,16,60,92,63,80,76,112,3,9,7,8,13,30,80,33,276,112,4,0,0,0,360,252,0,0,4,5,0,0,0,618
Chelonoidis_abingdonii,Chelonoidis_abingdonii,Pinta Island tortoise,Testudine,Testudines,Testudinidae,herbivore,grassland,diurnal,Galapagos,GCA_003597395.1_ASM359739v1,Eukaryota;Animals;Reptiles,2300.75,0,0,0,1,NA,NA,11,91,6,4,30,62,18,31,116,103,130,88,214,127,4,16,10,2,36,80,65,49,232,110,0,0,0,0,297,568,0,0,5,4,0,0,1,882
Chelydra_serpentina,Chelydra_serpentina,Common snapping turtle,Testudine,Testudines,Chelydridae,omnivore,freshwater,diurnal,nearctic,GCA_007922165.1_Chelydra_serpentina-1.0,Eukaryota;Animals;Reptiles,2401.36,0,0,0,1,NA,NA,9,31,3,3,39,22,27,35,144,51,194,32,308,77,5,7,14,4,93,67,134,20,653,84,2,0,0,0,789,832,5,0,12,2,0,0,0,1647
Chrysemys_picta,Chrysemys_picta,Painted turtle,Testudine,Testudines,Emydidae,omnivore,freshwater,diurnal,nearctic,GCF_000241765.3_Chrysemys_picta_bellii-3.0.3,Eukaryota;Animals;Reptiles,2365.77,18,1,0,1,NA,NA,7,119,7,8,46,62,29,47,170,146,245,121,310,195,5,24,17,13,125,178,154,41,606,129,3,0,0,0,763,959,1,1,13,4,0,0,2,1745
Cuora_amboinensis,Cuora_amboinensis,Southeast Asian box turtle,Testudine,Testudines,Geoemydidae,omnivore,freshwater,,oriental,GCA_004028625.2_ASM402862v2,Eukaryota;Animals;Reptiles,2214.83,0,0,0,1,NA,NA,5,65,4,3,47,33,32,65,153,122,213,75,294,110,2,10,14,6,91,114,122,24,456,94,4,0,0,0,582,852,1,3,12,4,0,0,2,1454
Cuora_mccordi,Cuora_mccordi,McCord's box turtle,Testudine,Testudines,Geoemydidae,omnivore,freshwater,nocturnal,oriental,GCA_003846335.1_ASM384633v1,Eukaryota;Animals;Reptiles,2390.37,0,0,0,1,NA,NA,4,53,6,3,50,49,43,67,172,146,218,90,335,138,8,10,10,6,73,121,131,39,472,102,3,0,0,0,606,923,3,0,12,3,0,0,2,1550
Dermatemys_mawii,Dermatemys_mawii,Central American river turtle,Testudine,Testudines,Dermatemydidae,herbivore,freshwater,nocturnal,neotropical,GCA_007922305.1_Dermatemys_mawii-1.0,Eukaryota;Animals;Reptiles,1866.98,0,0,0,1,NA,NA,0,18,1,1,31,18,12,18,149,51,166,25,269,52,5,5,13,7,60,28,149,27,785,149,2,0,0,0,936,711,2,0,9,2,0,2,1,1659
Dermochelys_coriacea,Dermochelys_coriacea,Leatherback sea turtle,Testudine,Testudines,Dermochelyidae,carnivore,marine,diurnal; nocturnal,Pacific Ocean,GCA_006547105.1_GSC_toitle_1.0,Eukaryota;Animals;Reptiles,2154.17,0,0,0,1,NA,NA,1,27,1,7,8,27,4,26,42,87,41,58,68,81,4,19,7,8,7,33,42,32,178,102,0,3,0,0,220,186,0,0,5,2,0,0,0,412
Emydura_subglobosa,Emydura_subglobosa,Red-bellied short-necked turtle,Testudine,Testudines,Chelidae,omnivore,freshwater,diurnal,Australia,GCA_007922225.1_Emydura_subglobosa-1.0_,Eukaryota;Animals;Reptiles,1986.7,0,0,0,1,NA,NA,19,100,3,7,47,67,36,76,184,161,231,131,518,397,60,34,12,4,214,241,202,126,501,125,1,0,0,0,704,1365,6,6,22,7,0,0,0,2116
Gopherus_agassizii,Gopherus_agassizii,Californian desert tortoise,Testudine,Testudines,Testudinidae,herbivore,desert,diurnal; crepuscular,nearctic,GCA_002896415.1_ASM289641v1,Eukaryota;Animals;Reptiles,2184.97,0,0,0,1,NA,NA,12,147,4,6,46,79,36,86,208,212,254,201,353,304,15,40,26,12,102,185,64,65,244,135,1,2,0,0,309,1059,2,0,5,6,0,0,2,1389
Gopherus_evgoodei,Gopherus_evgoodei,Goode’s Thornscrub Tortoise ,Testudine,Testudines,Testudinidae,herbivore,,,Mexico,GCF_007399415.2_rGopEvg1_v1.p,Eukaryota;Animals;Reptiles,2298.56,24,1,0,2,NA,NA,18,195,2,2,64,78,52,87,234,198,341,216,487,315,15,38,37,18,130,208,157,117,510,192,0,1,0,0,667,1377,0,2,5,6,0,0,2,2069
Malaclemys_terrapin,Malaclemys_terrapin,Diamondback terrapin,Testudine,Testudines,Emydidae,molluscivore,coastal,,nearctic,GCA_001728815.2_terp_v2_2,Eukaryota;Animals;Reptiles,2439.75,0,1,0,1,NA,NA,17,150,4,10,59,74,23,56,126,178,227,161,295,302,7,38,18,21,132,179,129,94,498,203,1,0,0,0,628,898,1,1,8,7,0,0,2,1554
Mesoclemmys_tuberculata,Mesoclemmys_tuberculata,Tuberculate Toad-headed turtle,Testudine,Testudines,Chelidae,omnivore,freshwater,nocturnal,neotropical,GCA_007922155.1_Mesoclemmys_tuberculata-1.0,Eukaryota;Animals;Reptiles,2027.51,0,0,0,1,NA,NA,6,31,4,7,38,35,34,23,139,32,186,38,330,102,9,5,17,6,90,49,90,95,356,77,1,0,0,0,447,856,1,0,9,3,0,0,2,1321
Pelodiscus_sinensis,Pelodiscus_sinensis,Chinese softshell turtle,Testudine,Testudines,Trionychidae,carnivore,freshwater,diurnal,oriental,GCF_000230535.1_PelSin_1.0,Eukaryota;Animals;Reptiles,2202.48,0,1,0,1,NA,NA,20,17,8,14,15,25,10,12,265,42,132,19,368,102,12,8,28,14,76,37,176,35,864,162,2,0,0,0,1042,926,1,2,7,2,0,0,0,1996
Pelusios_castaneus,Pelusios_castaneus,West African mud turtle,Testudine,Testudines,Pelomedusidae,omnivore,freshwater,diurnal; nocturnal,ethiopian,GCA_007922175.1_Pelusios_castaneus-1.0,Eukaryota;Animals;Reptiles,2044.28,0,0,0,1,NA,NA,15,29,5,2,26,7,18,15,141,23,116,15,192,51,3,7,12,0,46,16,197,56,532,112,1,0,0,0,730,562,0,0,8,8,0,0,1,1316
Platysternon_megacephalum,Platysternon_megacephalum,Big-headed turtle,Testudine,Testudines,Chelydridae,piscivore,freshwater,nocturnal,oriental,GCA_003942145.1_ASM394214v1,Eukaryota;Animals;Reptiles,2319.09,0,0,0,1,NA,NA,2,39,0,7,31,36,19,29,139,90,200,77,319,143,6,17,12,3,79,47,172,25,563,110,3,0,0,0,738,811,1,0,9,2,0,0,4,1565
Podocnemis_expansa,Podocnemis_expansa,Arrau turtle,Testudine,Testudines,Podocnemididae,herbivore,freshwater,diurnal,neotropical,GCA_007922195.1_Podocnemis_expansa-1.0,Eukaryota;Animals;Reptiles,2447.09,0,0,0,1,NA,NA,24,76,3,7,42,27,21,35,158,77,118,41,286,71,10,4,16,8,61,38,342,105,759,174,0,0,0,0,1101,725,3,0,7,5,0,0,1,1861
Terrapene_carolina,Terrapene_carolina,Florida box turtle,Testudine,Testudines,Emydidae,omnivore,savanna or grassland; forest,diurnal,nearctic,GCF_002925995.2_T_m_triunguis-2.0,Eukaryota;Animals;Reptiles,2571.27,0,0,0,1,NA,NA,20,65,6,4,53,54,45,51,188,105,250,117,326,177,5,25,19,8,81,105,104,20,388,67,1,0,0,0,493,978,0,0,12,3,0,0,2,1505